-764.478,-454.559,877,0,0,180
-760.12,-438.293,872,0,0,180
-754.89,-421.697,866,0,0,180
-754.018,-407.646,865,0,0,180
-752.275,-393.17,863,0,0,180
-752.275,-379.637,863,0,0,180
-756.633,-368.225,868,0,0,180
-759.248,-355.84,871,0,0,180
-743.878,-477.667,869,0,0,180
-729.325,-441.601,852,0,0,180
-724.189,-425.225,846,0,0,180
-721.621,-410.497,843,0,0,180
-725.045,-399.163,847,0,0,180
-725.901,-386.336,848,0,0,180
-727.613,-373.918,850,0,0,180
-730.181,-361.862,853,0,0,180
-731.893,-349.303,855,0,0,180
-749.87,-344.145,876,0,0,180
-754.15,-332.294,881,0,0,180
-754.15,-318.479,881,0,0,180
-753.294,-304.318,880,0,0,180
-755.862,-291.509,883,0,0,180
-756.718,-277.977,884,0,0,180
-728.57,-490.163,867,0,0,180
-707.562,-462.825,842,0,0,180
-709.242,-450.69,844,0,0,180
-706.721,-435.9,841,0,0,180
-709.242,-424.219,844,0,0,180
-704.2,-408.063,838,0,0,180
-716.805,-401.991,853,0,0,180
-711.763,-385.881,847,0,0,180
-706.721,-369.959,841,0,0,180
-710.083,-358.468,845,0,0,180
-714.284,-347.26,850,0,0,180
-712.604,-333.145,848,0,0,180
-721.847,-323.996,859,0,0,180
-721.007,-310.165,858,0,0,180
-725.208,-298.439,863,0,0,180
-731.931,-287.547,871,0,0,180
-736.133,-275.461,876,0,0,180
-740.335,-263.218,881,0,0,180
-740.335,-249.403,881,0,0,180
-749.578,-238.529,892,0,0,180
-759.662,-227.562,904,0,0,180
-764.704,-214.802,910,0,0,180
-766.385,-200.973,912,0,0,180
-772.267,-188.104,919,0,0,180
-773.108,-173.882,920,0,0,180
-770.587,-158.935,917,0,0,180
-772.267,-144.87,919,0,0,180
-768.066,-129.75,914,0,0,180
-760.503,-114.28,905,0,0,180
-758.822,-99.8674,903,0,0,180
-746.217,-84.2834,888,0,0,180
-746.217,-70.3584,888,0,0,180
-736.133,-55.6707,876,0,0,180
-731.931,-41.6945,871,0,0,180
-727.73,-27.875,866,0,0,180
-722.688,-14.1959,860,0,0,180
-705.881,-0.69343,840,0,0,180
-707.562,12.5086,842,0,0,180
-705.881,25.6513,840,0,0,180
-702.519,38.6388,836,0,0,180
-697.478,51.377,830,0,0,180
-697.478,64.3925,830,0,0,180
-689.914,76.5687,821,0,0,180
-680.671,88.2448,810,0,0,180
-678.99,100.697,808,0,0,180
-675.629,112.807,804,0,0,180
-663.024,123.075,789,0,0,180
-699.306,-492.719,848,0,0,180
-699.306,-479.421,848,0,0,180
-695.182,-463.375,843,0,0,180
-691.884,-448.02,839,0,0,180
-693.533,-435.9,841,0,0,180
-694.358,-423.214,842,0,0,180
-688.585,-406.602,835,0,0,180
-693.533,-396.335,841,0,0,180
-691.884,-382.236,839,0,0,180
-689.41,-367.76,836,0,0,180
-697.656,-358.892,846,0,0,180
-696.007,-344.809,844,0,0,180
-696.007,-331.574,844,0,0,180
-701.78,-320.979,851,0,0,180
-696.007,-305.104,844,0,0,180
-703.429,-294.981,853,0,0,180
-716.623,-286.887,869,0,0,180
-713.325,-272.002,865,0,0,180
-721.571,-261.425,875,0,0,180
-720.747,-247.421,874,0,0,180
-732.292,-237.459,888,0,0,180
-747.96,-228.317,907,0,0,180
-739.714,-211.733,897,0,0,180
-752.083,-200.973,912,0,0,180
-760.33,-188.718,922,0,0,180
-757.856,-173.693,919,0,0,180
-747.96,-157.202,907,0,0,180
-735.59,-140.614,892,0,0,180
-734.766,-126.484,891,0,0,180
-733.117,-112.26,889,0,0,180
-727.344,-97.5449,882,0,0,180
-723.221,-83.2394,877,0,0,180
-721.571,-69.3284,875,0,0,180
-715.799,-55.1623,868,0,0,180
-710.026,-41.2158,861,0,0,180
-703.429,-27.4566,853,0,0,180
-695.182,-13.9153,843,0,0,180
-696.007,-0.696732,844,0,0,180
-691.884,12.4641,839,0,0,180
-682.813,25.2848,828,0,0,180
-682.813,38.269,828,0,0,180
-678.689,50.9437,823,0,0,180
-677.04,63.6943,821,0,0,180
-669.618,75.7294,812,0,0,180
-661.372,87.3732,802,0,0,180
-655.599,99.0773,795,0,0,180
-655.599,111.544,795,0,0,180
-650.651,123.075,789,0,0,180
-681.963,-489.814,843,0,0,180
-681.963,-476.594,843,0,0,180
-679.536,-461.726,840,0,0,180
-670.638,-442.68,829,0,0,180
-674.682,-432.271,834,0,0,180
-677.918,-421.204,838,0,0,180
-677.918,-408.063,838,0,0,180
-675.491,-393.508,835,0,0,180
-676.3,-380.869,836,0,0,180
-677.918,-368.64,838,0,0,180
-678.727,-355.923,839,0,0,180
-678.727,-342.766,839,0,0,180
-677.918,-329.217,838,0,0,180
-687.626,-320.602,850,0,0,180
-690.053,-308.357,853,0,0,180
-690.053,-294.981,853,0,0,180
-699.76,-285.566,865,0,0,180
-702.187,-272.945,868,0,0,180
-705.423,-260.529,872,0,0,180
-706.232,-247.138,873,0,0,180
-707.041,-233.715,874,0,0,180
-724.03,-225.296,895,0,0,180
-717.558,-209.373,887,0,0,180
-729.692,-198.769,902,0,0,180
-740.209,-187.285,915,0,0,180
-731.31,-170.858,904,0,0,180
-726.457,-155.642,898,0,0,180
-712.704,-138.88,881,0,0,180
-714.322,-125.349,883,0,0,180
-712.704,-111.25,881,0,0,180
-709.468,-96.992,877,0,0,180
-707.85,-83.0496,875,0,0,180
-705.423,-69.0907,872,0,0,180
-691.671,-54.3361,855,0,0,180
-694.098,-41.0722,858,0,0,180
-691.671,-27.521,855,0,0,180
-682.772,-13.9318,844,0,0,180
-683.581,-0.697558,845,0,0,180
-679.536,12.4789,840,0,0,180
-666.593,25.1627,824,0,0,180
-669.02,38.2228,827,0,0,180
-660.93,50.5723,817,0,0,180
-659.312,63.2288,815,0,0,180
-653.649,75.3563,808,0,0,180
-647.177,87.1553,800,0,0,180
-641.514,98.828,793,0,0,180
-638.279,110.702,789,0,0,180
-641.514,123.699,793,0,0,180
-670.33,-490.976,845,0,0,180
-667.157,-475.464,841,0,0,180
-663.191,-459.527,836,0,0,180
-653.671,-440.01,824,0,0,180
-660.017,-431.235,832,0,0,180
-660.017,-418.188,832,0,0,180
-664.777,-408.063,838,0,0,180
-662.397,-393.508,835,0,0,180
-663.191,-380.869,836,0,0,180
-663.191,-367.76,836,0,0,180
-663.984,-355.074,837,0,0,180
-663.984,-341.949,837,0,0,180
-668.744,-331.181,843,0,0,180
-671.124,-319.093,846,0,0,180
-681.436,-297.056,859,0,0,180
-686.989,-285.896,866,0,0,180
-686.989,-272.316,866,0,0,180
-694.129,-261.425,875,0,0,180
-686.989,-245.156,866,0,0,180
-691.749,-233.181,872,0,0,180
-701.269,-222.527,884,0,0,180
-701.269,-208.665,884,0,0,180
-711.581,-197.667,897,0,0,180
-712.375,-183.806,898,0,0,180
-706.822,-168.401,891,0,0,180
-709.201,-154.949,894,0,0,180
-702.062,-139.511,885,0,0,180
-701.269,-125.491,884,0,0,180
-698.889,-111.25,881,0,0,180
-692.542,-96.5496,873,0,0,180
-694.129,-83.0496,875,0,0,180
-691.749,-69.0907,872,0,0,180
-677.47,-54.2726,854,0,0,180
-680.643,-41.0722,858,0,0,180
-677.47,-27.4888,854,0,0,180
-671.124,-13.9648,846,0,0,180
-667.157,-0.694256,841,0,0,180
-664.777,12.4492,838,0,0,180
-656.844,25.2848,828,0,0,180
-655.258,38.1766,826,0,0,180
-647.325,50.5104,816,0,0,180
-642.565,62.8409,810,0,0,180
-637.012,74.89,803,0,0,180
-630.666,86.6106,795,0,0,180
-629.079,98.828,793,0,0,180
-626.699,110.842,790,0,0,180
-629.079,123.699,793,0,0,180
-650.859,-486.328,837,0,0,180
-647.748,-470.941,833,0,0,180
-648.526,-458.428,834,0,0,180
-643.083,-441.612,827,0,0,180
-645.415,-430.198,830,0,0,180
-652.414,-421.706,839,0,0,180
-650.859,-407.576,837,0,0,180
-646.971,-392.094,832,0,0,180
-647.748,-379.503,833,0,0,180
-648.526,-366.88,834,0,0,180
-653.969,-356.771,841,0,0,180
-650.859,-341.949,837,0,0,180
-653.191,-330.002,840,0,0,180
-657.857,-319.093,846,0,0,180
-653.969,-304.019,841,0,0,180
-661.745,-294.289,851,0,0,180
-668.744,-283.916,860,0,0,180
-663.3,-268.228,853,0,0,180
-670.299,-257.541,862,0,0,180
-677.297,-246.572,871,0,0,180
-673.409,-231.576,866,0,0,180
-678.852,-219.758,873,0,0,180
-682.741,-207.249,878,0,0,180
-682.741,-193.48,878,0,0,180
-685.073,-180.326,881,0,0,180
-685.073,-166.511,881,0,0,180
-689.739,-153.735,887,0,0,180
-687.406,-139.353,884,0,0,180
-685.851,-125.207,882,0,0,180
-679.63,-110.366,874,0,0,180
-678.075,-96.439,872,0,0,180
-673.409,-82.1953,866,0,0,180
-680.408,-69.3284,875,0,0,180
-663.3,-54.209,853,0,0,180
-661.745,-40.7371,851,0,0,180
-663.3,-27.4566,853,0,0,180
-652.414,-13.8493,839,0,0,180
-650.081,-0.690128,836,0,0,180
-648.526,12.3898,834,0,0,180
-642.305,25.2238,826,0,0,180
-639.972,38.0379,823,0,0,180
-631.418,50.2628,812,0,0,180
-629.086,62.7633,809,0,0,180
-622.865,74.7035,801,0,0,180
-615.866,86.2838,792,0,0,180
-618.977,99.2019,796,0,0,180
-614.311,110.842,790,0,0,180
-609.645,122.295,784,0,0,180
-638.495,-486.909,838,0,0,180
-637.733,-473.202,837,0,0,180
-633.924,-457.329,832,0,0,180
-632.4,-443.214,830,0,0,180
-633.162,-430.716,831,0,0,180
-632.4,-417.183,830,0,0,180
-641.543,-410.01,842,0,0,180
-639.257,-395.393,839,0,0,180
-634.686,-379.503,833,0,0,180
-635.448,-366.88,834,0,0,180
-636.971,-354.65,836,0,0,180
-633.924,-339.906,832,0,0,180
-641.543,-330.788,842,0,0,180
-642.305,-317.962,843,0,0,180
-640.781,-304.019,841,0,0,180
-640.019,-290.485,840,0,0,180
-649.924,-281.605,853,0,0,180
-645.353,-266.342,847,0,0,180
-657.543,-257.84,863,0,0,180
-653.734,-242.891,858,0,0,180
-662.115,-232.378,869,0,0,180
-668.21,-220.765,877,0,0,180
-664.401,-205.832,872,0,0,180
-668.972,-193.48,878,0,0,180
-672.02,-180.531,882,0,0,180
-671.258,-166.511,881,0,0,180
-670.496,-152.522,880,0,0,180
-671.258,-138.88,881,0,0,180
-664.401,-123.787,872,0,0,180
-666.687,-110.492,875,0,0,180
-662.877,-96.2178,870,0,0,180
-658.305,-82.0055,864,0,0,180
-659.067,-68.536,865,0,0,180
-653.734,-54.5268,858,0,0,180
-649.924,-40.8328,853,0,0,180
-648.4,-27.3922,851,0,0,180
-640.019,-13.8658,840,0,0,180
-640.019,-0.69343,840,0,0,180
-632.4,12.3304,830,0,0,180
-627.828,25.1627,824,0,0,180
-620.209,37.622,814,0,0,180
-623.257,50.6342,818,0,0,180
-614.114,62.5306,806,0,0,180
-608.018,74.4237,798,0,0,180
-604.208,86.3927,793,0,0,180
-606.494,99.2019,796,0,0,180
-599.637,110.422,787,0,0,180
-601.161,123.075,789,0,0,180
-623.862,-485.746,836,0,0,180
-626.1,-474.333,839,0,0,180
-623.862,-459.527,836,0,0,180
-620.877,-444.282,832,0,0,180
-622.369,-432.271,834,0,0,180
-620.877,-418.188,832,0,0,180
-622.369,-406.115,834,0,0,180
-621.623,-392.565,833,0,0,180
-617.146,-376.769,827,0,0,180
-620.877,-366,832,0,0,180
-618.638,-351.681,829,0,0,180
-623.862,-341.541,836,0,0,180
-622.369,-327.645,834,0,0,180
-626.1,-316.453,839,0,0,180
-625.354,-302.935,838,0,0,180
-627.593,-290.831,841,0,0,180
-627.593,-277.643,841,0,0,180
-632.817,-266.656,848,0,0,180
-646.249,-258.736,866,0,0,180
-644.01,-244.307,863,0,0,180
-649.98,-232.913,871,0,0,180
-649.98,-219.255,871,0,0,180
-649.234,-205.36,870,0,0,180
-646.995,-191.056,867,0,0,180
-649.234,-178.075,870,0,0,180
-650.727,-164.81,872,0,0,180
-654.458,-152.002,877,0,0,180
-644.01,-136.043,863,0,0,180
-649.234,-123.503,870,0,0,180
-644.01,-108.977,863,0,0,180
-644.01,-95.4436,863,0,0,180
-638.787,-81.2462,856,0,0,180
-640.279,-67.9814,858,0,0,180
-639.533,-54.4632,857,0,0,180
-644.01,-41.3115,863,0,0,180
-634.309,-27.36,850,0,0,180
-625.354,-13.8328,838,0,0,180
-626.1,-0.692605,839,0,0,180
-624.608,12.4344,837,0,0,180
-615.653,25.1932,825,0,0,180
-608.937,37.7144,816,0,0,180
-607.444,50.3866,814,0,0,180
-599.982,62.3754,804,0,0,180
-594.758,74.3304,797,0,0,180
-592.519,86.5016,794,0,0,180
-589.534,98.4541,790,0,0,180
-588.788,110.702,789,0,0,180
-591.027,123.543,792,0,0,180
-612.944,-487.49,839,0,0,180
-606.369,-469.245,830,0,0,180
-609.291,-458.428,834,0,0,180
-612.944,-448.02,839,0,0,180
-607.83,-431.235,832,0,0,180
-609.291,-419.193,834,0,0,180
-607.83,-405.141,832,0,0,180
-601.255,-387.853,823,0,0,180
-606.369,-378.136,830,0,0,180
-605.638,-364.681,829,0,0,180
-605.638,-351.681,829,0,0,180
-610.752,-341.541,836,0,0,180
-611.483,-328.824,837,0,0,180
-611.483,-315.698,837,0,0,180
-612.944,-303.296,839,0,0,180
-618.058,-292.56,846,0,0,180
-610.022,-275.662,835,0,0,180
-614.405,-264.455,841,0,0,180
-632.669,-258.736,866,0,0,180
-630.477,-244.307,863,0,0,180
-634.861,-232.378,869,0,0,180
-641.436,-221.017,878,0,0,180
-632.669,-204.416,866,0,0,180
-632.669,-190.836,866,0,0,180
-638.513,-178.893,874,0,0,180
-637.052,-164.81,872,0,0,180
-635.591,-150.789,870,0,0,180
-638.513,-137.777,874,0,0,180
-629.747,-122.368,862,0,0,180
-635.591,-109.861,870,0,0,180
-631.938,-95.6648,865,0,0,180
-629.016,-81.7208,861,0,0,180
-623.902,-67.6645,854,0,0,180
-621.711,-54.0819,851,0,0,180
-625.363,-40.9764,856,0,0,180
-619.519,-27.2957,848,0,0,180
-610.752,-13.7998,836,0,0,180
-610.752,-0.690128,836,0,0,180
-610.022,12.4046,835,0,0,180
-606.369,25.3459,830,0,0,180
-599.063,37.8993,820,0,0,180
-593.219,50.2628,812,0,0,180
-584.452,62.0651,800,0,0,180
-582.26,74.3304,797,0,0,180
-577.146,86.0659,790,0,0,180
-574.954,98.0803,787,0,0,180
-576.416,110.702,789,0,0,180
-574.954,122.763,787,0,0,180
-599.787,-487.49,839,0,0,180
-594.783,-470.375,832,0,0,180
-594.068,-456.779,831,0,0,180
-591.923,-442.146,828,0,0,180
-594.068,-430.716,831,0,0,180
-594.068,-417.685,831,0,0,180
-593.353,-404.167,830,0,0,180
-587.634,-387.381,822,0,0,180
-589.779,-375.858,825,0,0,180
-592.638,-364.681,829,0,0,180
-595.498,-353.378,833,0,0,180
-593.353,-339.089,830,0,0,180
-600.502,-330.002,840,0,0,180
-599.787,-316.453,839,0,0,180
-597.642,-302.212,836,0,0,180
-599.787,-290.139,839,0,0,180
-606.221,-279.954,848,0,0,180
-602.647,-265.084,843,0,0,180
-613.37,-256.346,858,0,0,180
-617.659,-244.59,864,0,0,180
-619.089,-231.576,866,0,0,180
-624.093,-219.758,873,0,0,180
-619.804,-204.652,867,0,0,180
-616.229,-189.954,862,0,0,180
-619.089,-177.256,866,0,0,180
-623.378,-164.81,872,0,0,180
-623.378,-151.136,872,0,0,180
-618.374,-136.358,865,0,0,180
-620.519,-123.219,868,0,0,180
-622.663,-109.987,871,0,0,180
-619.804,-95.886,867,0,0,180
-613.37,-81.436,858,0,0,180
-613.37,-67.9814,858,0,0,180
-607.651,-54.0184,850,0,0,180
-611.94,-40.9764,856,0,0,180
-605.506,-27.2635,847,0,0,180
-596.213,-13.7667,834,0,0,180
-601.217,-0.694256,841,0,0,180
-592.638,12.3155,829,0,0,180
-590.494,25.2238,826,0,0,180
-586.204,37.8993,820,0,0,180
-578.341,50.0771,809,0,0,180
-574.051,62.2978,803,0,0,180
-571.907,74.6102,800,0,0,180
-564.043,85.9569,789,0,0,180
-564.043,98.3295,789,0,0,180
-562.613,110.422,787,0,0,180
-560.469,122.295,784,0,0,180
-584.533,-485.746,836,0,0,180
-581.736,-470.375,832,0,0,180
-582.435,-457.878,833,0,0,180
-575.443,-439.476,823,0,0,180
-580.338,-430.198,830,0,0,180
-578.939,-416.177,828,0,0,180
-578.24,-402.706,827,0,0,180
-575.443,-387.853,823,0,0,180
-574.744,-374.491,822,0,0,180
-581.736,-366,832,0,0,180
-586.63,-355.923,839,0,0,180
-580.338,-339.089,830,0,0,180
-584.533,-328.431,836,0,0,180
-585.931,-316.076,838,0,0,180
-590.126,-305.104,844,0,0,180
-586.63,-290.139,839,0,0,180
-592.224,-279.624,847,0,0,180
-591.525,-266.027,846,0,0,180
-590.126,-252.163,844,0,0,180
-596.419,-241.476,853,0,0,180
-602.013,-230.239,861,0,0,180
-610.403,-219.758,873,0,0,180
-601.314,-203,860,0,0,180
-604.11,-190.395,864,0,0,180
-605.509,-177.256,866,0,0,180
-606.907,-164.054,868,0,0,180
-612.501,-151.829,876,0,0,180
-609.005,-137.304,871,0,0,180
-611.103,-124.071,874,0,0,180
-612.501,-110.618,876,0,0,180
-609.005,-96.3284,871,0,0,180
-600.615,-81.5309,859,0,0,180
-599.915,-67.9814,858,0,0,180
-597.818,-54.3361,855,0,0,180
-592.923,-40.5935,848,0,0,180
-591.525,-27.2313,846,0,0,180
-588.029,-13.8823,841,0,0,180
-583.134,-0.688477,834,0,0,180
-581.736,12.3601,832,0,0,180
-577.541,25.2238,826,0,0,180
-570.549,37.7144,816,0,0,180
-565.654,50.0771,809,0,0,180
-560.061,62.1427,801,0,0,180
-560.76,74.7967,802,0,0,180
-555.166,86.5016,794,0,0,180
-551.67,98.3295,789,0,0,180
-548.174,110.001,784,0,0,180
-541.882,120.891,775,0,0,180
-573.474,-487.49,839,0,0,180
-567.322,-469.245,830,0,0,180
-570.056,-458.428,834,0,0,180
-572.79,-447.486,838,0,0,180
-570.056,-432.271,834,0,0,180
-565.955,-416.177,828,0,0,180
-567.322,-404.167,830,0,0,180
-563.904,-388.795,825,0,0,180
-560.487,-373.58,820,0,0,180
-571.423,-367.76,836,0,0,180
-570.056,-353.802,834,0,0,180
-565.271,-337.864,827,0,0,180
-570.056,-327.645,834,0,0,180
-568.689,-313.813,832,0,0,180
-570.056,-301.489,834,0,0,180
-570.74,-288.756,835,0,0,180
-578.258,-279.294,846,0,0,180
-574.841,-264.455,841,0,0,180
-579.625,-253.358,848,0,0,180
-580.309,-240.344,849,0,0,180
-584.41,-228.635,855,0,0,180
-588.511,-216.737,861,0,0,180
-586.461,-202.528,858,0,0,180
-589.195,-189.954,862,0,0,180
-598.081,-179.098,875,0,0,180
-596.714,-164.999,873,0,0,180
-597.397,-151.482,874,0,0,180
-594.663,-137.146,870,0,0,180
-596.03,-123.787,872,0,0,180
-598.081,-110.492,875,0,0,180
-591.929,-95.7754,866,0,0,180
-589.878,-81.9106,863,0,0,180
-587.144,-68.0606,859,0,0,180
-585.777,-54.4632,857,0,0,180
-579.625,-40.5935,848,0,0,180
-575.524,-27.1025,842,0,0,180
-577.575,-13.9483,845,0,0,180
-570.74,-0.689303,835,0,0,180
-567.322,12.3304,830,0,0,180
-561.854,25.1016,822,0,0,180
-561.854,37.9917,822,0,0,180
-556.386,50.3866,814,0,0,180
-552.968,62.7633,809,0,0,180
-544.766,74.3304,797,0,0,180
-543.399,86.6106,795,0,0,180
-539.981,98.4541,790,0,0,180
-537.931,110.422,787,0,0,180
-529.045,120.735,774,0,0,180
-558.314,-485.746,836,0,0,180
-557.646,-472.072,835,0,0,180
-556.978,-458.428,834,0,0,180
-558.314,-446.418,836,0,0,180
-555.642,-431.235,832,0,0,180
-556.978,-419.193,834,0,0,180
-555.642,-405.141,832,0,0,180
-555.642,-392.094,832,0,0,180
-550.299,-375.402,824,0,0,180
-555.642,-366,832,0,0,180
-556.31,-353.378,833,0,0,180
-551.635,-337.455,826,0,0,180
-554.307,-326.074,830,0,0,180
-558.314,-315.321,836,0,0,180
-559.649,-302.935,838,0,0,180
-562.988,-291.523,843,0,0,180
-571.003,-282.265,855,0,0,180
-566.328,-266.656,848,0,0,180
-566.328,-253.358,848,0,0,180
-576.345,-244.307,863,0,0,180
-576.345,-230.774,863,0,0,180
-578.349,-217.996,866,0,0,180
-574.342,-203,860,0,0,180
-577.681,-190.616,865,0,0,180
-579.017,-177.461,867,0,0,180
-586.363,-165.944,878,0,0,180
-583.691,-151.482,874,0,0,180
-585.027,-138.092,876,0,0,180
-585.695,-124.497,877,0,0,180
-579.017,-109.482,867,0,0,180
-579.017,-95.886,867,0,0,180
-580.352,-82.4801,869,0,0,180
-572.338,-67.9022,857,0,0,180
-573.006,-54.5268,858,0,0,180
-564.992,-40.4977,846,0,0,180
-559.649,-26.9738,838,0,0,180
-562.988,-13.9153,843,0,0,180
-562.988,-0.695907,843,0,0,180
-554.974,12.3452,831,0,0,180
-553.639,25.3154,829,0,0,180
-544.957,37.7144,816,0,0,180
-540.95,50.139,810,0,0,180
-540.282,62.7633,809,0,0,180
-536.275,74.89,803,0,0,180
-530.932,86.6106,795,0,0,180
-529.596,98.828,793,0,0,180
-526.925,110.702,789,0,0,180
-526.257,122.919,788,0,0,180
-545.204,-485.746,836,0,0,180
-544.552,-472.072,835,0,0,180
-546.508,-460.627,838,0,0,180
-547.16,-448.02,839,0,0,180
-539.987,-429.162,828,0,0,180
-541.943,-417.685,831,0,0,180
-541.291,-404.167,830,0,0,180
-544.552,-393.508,835,0,0,180
-545.204,-380.869,836,0,0,180
-541.943,-365.56,831,0,0,180
-542.595,-352.953,832,0,0,180
-541.291,-339.089,830,0,0,180
-543.9,-327.645,834,0,0,180
-543.9,-314.567,834,0,0,180
-547.813,-303.658,840,0,0,180
-551.726,-292.56,846,0,0,180
-554.334,-280.614,850,0,0,180
-556.291,-268.228,853,0,0,180
-553.682,-253.657,849,0,0,180
-555.638,-241.193,852,0,0,180
-564.769,-231.576,866,0,0,180
-568.682,-219.506,872,0,0,180
-561.508,-203.236,861,0,0,180
-566.725,-191.497,869,0,0,180
-565.421,-177.461,867,0,0,180
-573.247,-166.133,879,0,0,180
-570.638,-151.656,875,0,0,180
-572.595,-138.407,878,0,0,180
-568.682,-123.787,872,0,0,180
-568.029,-109.987,871,0,0,180
-564.769,-95.7754,866,0,0,180
-567.377,-82.575,870,0,0,180
-562.16,-68.2983,862,0,0,180
-561.508,-54.7174,861,0,0,180
-554.986,-40.7371,851,0,0,180
-548.465,-27.0703,841,0,0,180
-545.204,-13.7998,836,0,0,180
-547.813,-0.69343,840,0,0,180
-541.291,12.3304,830,0,0,180
-543.9,25.4681,834,0,0,180
-537.378,38.0841,824,0,0,180
-532.161,50.5104,816,0,0,180
-530.204,63.0737,813,0,0,180
-523.031,74.7967,802,0,0,180
-518.465,86.6106,795,0,0,180
-519.77,99.3265,797,0,0,180
-516.509,111.123,792,0,0,180
-515.205,123.231,790,0,0,180
-537.186,-490.395,844,0,0,180
-534.004,-474.333,839,0,0,180
-530.821,-458.428,834,0,0,180
-534.004,-448.02,839,0,0,180
-527.003,-429.162,828,0,0,180
-529.548,-418.188,832,0,0,180
-529.548,-405.141,832,0,0,180
-528.912,-391.623,831,0,0,180
-528.275,-378.136,830,0,0,180
-534.64,-369.519,840,0,0,180
-530.821,-353.802,834,0,0,180
-530.185,-340.315,833,0,0,180
-532.094,-328.431,836,0,0,180
-534.004,-316.453,839,0,0,180
-531.458,-301.85,835,0,0,180
-534.004,-290.139,839,0,0,180
-538.459,-279.294,846,0,0,180
-544.187,-268.857,855,0,0,180
-540.368,-253.657,849,0,0,180
-545.46,-242.608,857,0,0,180
-548.006,-230.239,861,0,0,180
-553.098,-218.751,869,0,0,180
-553.098,-205.124,869,0,0,180
-553.098,-191.497,869,0,0,180
-554.371,-178.279,871,0,0,180
-558.19,-165.755,877,0,0,180
-554.371,-150.962,871,0,0,180
-553.734,-137.146,870,0,0,180
-555.644,-123.929,873,0,0,180
-556.917,-110.492,875,0,0,180
-556.917,-96.7708,875,0,0,180
-554.371,-82.6699,871,0,0,180
-545.46,-67.9022,857,0,0,180
-545.46,-54.4632,857,0,0,180
-544.187,-40.9285,855,0,0,180
-535.277,-27.0703,841,0,0,180
-534.004,-13.8493,839,0,0,180
-530.185,-0.687652,833,0,0,180
-530.185,12.3749,833,0,0,180
-530.821,25.4681,834,0,0,180
-516.182,37.4833,811,0,0,180
-516.182,50.2009,811,0,0,180
-513.636,62.6082,807,0,0,180
-507.272,74.3304,797,0,0,180
-504.089,86.2838,792,0,0,180
-505.999,99.0773,795,0,0,180
-504.726,111.263,793,0,0,180
-500.907,122.763,787,0,0,180
-520.847,-487.49,839,0,0,180
-518.985,-472.637,836,0,0,180
-517.743,-458.428,834,0,0,180
-517.122,-444.816,833,0,0,180
-520.226,-434.345,838,0,0,180
-518.364,-419.696,835,0,0,180
-524.572,-411.471,845,0,0,180
-517.743,-393.037,834,0,0,180
-516.501,-379.047,832,0,0,180
-518.985,-367.76,836,0,0,180
-518.985,-354.65,836,0,0,180
-517.122,-340.315,833,0,0,180
-517.743,-327.645,834,0,0,180
-520.847,-316.453,839,0,0,180
-522.089,-304.019,841,0,0,180
-520.226,-289.794,838,0,0,180
-523.33,-278.303,843,0,0,180
-527.676,-267.285,850,0,0,180
-525.813,-253.06,847,0,0,180
-532.021,-242.608,857,0,0,180
-532.642,-229.437,858,0,0,180
-529.538,-214.724,853,0,0,180
-541.954,-206.068,873,0,0,180
-538.85,-191.277,868,0,0,180
-538.229,-177.461,867,0,0,180
-545.058,-165.944,878,0,0,180
-540.712,-150.962,871,0,0,180
-543.196,-137.934,875,0,0,180
-548.783,-125.491,884,0,0,180
-543.196,-110.492,875,0,0,180
-544.437,-96.992,877,0,0,180
-538.229,-82.2902,867,0,0,180
-543.196,-69.3284,875,0,0,180
-533.884,-54.6539,860,0,0,180
-526.434,-40.5935,848,0,0,180
-520.847,-27.006,839,0,0,180
-517.122,-13.7502,833,0,0,180
-518.364,-0.689303,835,0,0,180
-520.847,12.4641,839,0,0,180
-517.743,25.4681,834,0,0,180
-507.81,37.8068,818,0,0,180
-505.327,50.3866,814,0,0,180
-499.74,62.453,805,0,0,180
-496.636,74.6102,800,0,0,180
-491.049,86.1748,791,0,0,180
-490.428,98.4541,790,0,0,180
-489.807,110.702,789,0,0,180
-488.566,122.763,787,0,0,180
-508.901,-488.652,841,0,0,180
-507.69,-474.333,839,0,0,180
-504.06,-457.878,833,0,0,180
-508.296,-448.554,840,0,0,180
-510.111,-436.936,843,0,0,180
-499.824,-415.172,826,0,0,180
-508.296,-409.036,840,0,0,180
-504.665,-393.037,834,0,0,180
-503.455,-379.047,832,0,0,180
-505.875,-367.76,836,0,0,180
-504.665,-353.802,834,0,0,180
-504.665,-340.723,834,0,0,180
-503.455,-326.859,832,0,0,180
-510.111,-317.962,843,0,0,180
-511.926,-305.827,846,0,0,180
-510.716,-291.869,844,0,0,180
-508.296,-277.313,840,0,0,180
-516.767,-268.543,854,0,0,180
-516.767,-255.151,854,0,0,180
-526.449,-246.289,870,0,0,180
-521.608,-230.507,862,0,0,180
-519.188,-215.982,858,0,0,180
-527.054,-205.596,871,0,0,180
-525.239,-191.277,868,0,0,180
-524.634,-177.461,867,0,0,180
-527.659,-164.81,872,0,0,180
-528.264,-151.309,873,0,0,180
-527.659,-137.461,872,0,0,180
-533.71,-125.207,882,0,0,180
-526.449,-109.861,870,0,0,180
-527.659,-96.439,872,0,0,180
-521.608,-81.8157,862,0,0,180
-528.264,-69.1699,873,0,0,180
-520.398,-54.6539,860,0,0,180
-517.977,-40.9764,856,0,0,180
-511.926,-27.2313,846,0,0,180
-506.48,-13.8163,837,0,0,180
-507.69,-0.692605,839,0,0,180
-504.665,12.3898,834,0,0,180
-503.455,25.407,832,0,0,180
-498.614,38.0841,824,0,0,180
-496.193,50.758,820,0,0,180
-491.352,62.9961,812,0,0,180
-489.537,75.4496,809,0,0,180
-481.671,86.7195,796,0,0,180
-479.855,98.828,793,0,0,180
-478.04,110.842,790,0,0,180
-476.225,122.763,787,0,0,180
-499.839,-492.719,848,0,0,180
-495.713,-475.464,841,0,0,180
-492.176,-458.978,835,0,0,180
-498.07,-451.224,845,0,0,180
-496.891,-436.936,843,0,0,180
-491.587,-419.193,834,0,0,180
-494.534,-408.55,839,0,0,180
-490.408,-392.094,832,0,0,180
-490.997,-379.503,833,0,0,180
-492.176,-367.32,835,0,0,180
-491.587,-353.802,834,0,0,180
-494.534,-342.766,839,0,0,180
-492.765,-328.431,836,0,0,180
-498.66,-319.093,846,0,0,180
-497.481,-305.104,844,0,0,180
-499.839,-293.252,848,0,0,180
-496.891,-278.303,843,0,0,180
-497.481,-265.398,844,0,0,180
-506.322,-256.645,859,0,0,180
-511.627,-245.722,868,0,0,180
-510.448,-231.576,866,0,0,180
-513.985,-219.506,872,0,0,180
-513.985,-205.832,872,0,0,180
-509.27,-190.395,864,0,0,180
-512.806,-178.075,870,0,0,180
-512.806,-164.432,870,0,0,180
-510.448,-150.096,866,0,0,180
-515.753,-137.934,875,0,0,180
-516.343,-124.355,876,0,0,180
-519.29,-111.25,881,0,0,180
-513.985,-96.439,872,0,0,180
-510.448,-82.1953,866,0,0,180
-512.217,-68.853,869,0,0,180
-509.27,-54.9081,864,0,0,180
-503.375,-40.8807,854,0,0,180
-498.07,-27.1991,845,0,0,180
-495.123,-13.8658,840,0,0,180
-491.587,-0.688477,834,0,0,180
-492.765,12.4195,836,0,0,180
-491.587,25.4681,834,0,0,180
-484.513,37.9917,822,0,0,180
-479.798,50.3866,814,0,0,180
-478.619,62.9961,812,0,0,180
-476.261,75.3563,808,0,0,180
-468.599,86.6106,795,0,0,180
-466.83,98.7034,792,0,0,180
-466.83,111.123,792,0,0,180
-468.009,123.855,794,0,0,180
-483.672,-489.814,843,0,0,180
-485.393,-478.29,846,0,0,180
-483.672,-463.375,843,0,0,180
-480.803,-447.486,838,0,0,180
-483.098,-436.418,842,0,0,180
-481.951,-422.209,840,0,0,180
-480.23,-407.576,837,0,0,180
-477.361,-392.094,832,0,0,180
-478.508,-379.958,834,0,0,180
-478.508,-366.88,834,0,0,180
-482.525,-356.771,841,0,0,180
-480.803,-342.358,838,0,0,180
-484.246,-331.574,844,0,0,180
-483.672,-317.962,843,0,0,180
-485.967,-306.188,847,0,0,180
-486.541,-293.252,848,0,0,180
-485.393,-279.294,846,0,0,180
-484.246,-265.398,844,0,0,180
-490.557,-255.45,855,0,0,180
-494,-243.741,861,0,0,180
-499.737,-232.913,871,0,0,180
-502.032,-220.262,875,0,0,180
-505.475,-207.957,881,0,0,180
-500.885,-192.378,873,0,0,180
-500.311,-178.484,872,0,0,180
-496.868,-163.676,866,0,0,180
-502.032,-151.656,875,0,0,180
-500.311,-137.461,872,0,0,180
-500.885,-123.929,873,0,0,180
-509.491,-112.134,888,0,0,180
-502.032,-96.7708,875,0,0,180
-499.737,-82.6699,871,0,0,180
-504.901,-69.7245,880,0,0,180
-493.426,-54.6539,860,0,0,180
-492.852,-41.12,859,0,0,180
-488.262,-27.3922,851,0,0,180
-481.377,-13.8493,839,0,0,180
-483.098,-0.695081,842,0,0,180
-481.377,12.4641,839,0,0,180
-475.64,25.3154,829,0,0,180
-471.623,37.9917,822,0,0,180
-469.902,50.6961,819,0,0,180
-464.738,62.8409,810,0,0,180
-468.181,76.1024,816,0,0,180
-459.575,87.2642,801,0,0,180
-455.558,98.9527,794,0,0,180
-452.116,110.562,788,0,0,180
-454.984,123.699,793,0,0,180
-470.453,-489.814,843,0,0,180
-472.127,-478.29,846,0,0,180
-474.359,-467.223,850,0,0,180
-472.127,-451.758,846,0,0,180
-469.895,-436.418,842,0,0,180
-468.22,-421.706,839,0,0,180
-471.011,-410.984,844,0,0,180
-463.198,-391.151,830,0,0,180
-469.895,-383.603,842,0,0,180
-471.011,-371.279,844,0,0,180
-471.011,-358.044,844,0,0,180
-465.43,-340.723,834,0,0,180
-472.127,-332.36,846,0,0,180
-471.011,-318.339,844,0,0,180
-477.149,-309.08,855,0,0,180
-478.824,-296.71,858,0,0,180
-473.243,-279.954,848,0,0,180
-479.94,-270.43,860,0,0,180
-478.266,-256.047,857,0,0,180
-486.637,-246.855,872,0,0,180
-488.311,-233.983,875,0,0,180
-488.869,-220.513,876,0,0,180
-488.311,-206.54,875,0,0,180
-488.311,-192.819,875,0,0,180
-487.753,-178.893,874,0,0,180
-485.521,-164.432,870,0,0,180
-491.659,-152.696,881,0,0,180
-487.753,-137.777,874,0,0,180
-489.985,-124.639,878,0,0,180
-492.775,-111.502,883,0,0,180
-489.985,-97.1025,878,0,0,180
-486.637,-82.7648,872,0,0,180
-482.73,-68.536,865,0,0,180
-477.149,-54.3361,855,0,0,180
-478.824,-41.0722,858,0,0,180
-474.917,-27.3922,851,0,0,180
-472.127,-13.9648,846,0,0,180
-472.127,-0.698383,846,0,0,180
-465.43,12.3898,834,0,0,180
-458.733,25.1016,822,0,0,180
-456.501,37.8068,818,0,0,180
-457.059,50.6961,819,0,0,180
-454.269,63.1512,814,0,0,180
-452.594,75.6361,811,0,0,180
-447.572,87.3732,802,0,0,180
-442.549,98.828,793,0,0,180
-440.317,110.702,789,0,0,180
-441.991,123.543,792,0,0,180
-459.945,-492.719,848,0,0,180
-460.488,-479.986,849,0,0,180
-462.657,-468.872,853,0,0,180
-456.148,-449.088,841,0,0,180
-456.148,-435.9,841,0,0,180
-456.148,-422.711,841,0,0,180
-457.776,-410.984,844,0,0,180
-456.148,-396.335,841,0,0,180
-459.945,-386.336,848,0,0,180
-455.606,-369.519,840,0,0,180
-456.691,-357.196,842,0,0,180
-454.521,-342.358,838,0,0,180
-458.86,-332.36,846,0,0,180
-461.572,-320.979,851,0,0,180
-466.996,-311.249,861,0,0,180
-465.369,-296.71,858,0,0,180
-461.03,-280.614,850,0,0,180
-469.708,-272.316,866,0,0,180
-471.878,-259.931,870,0,0,180
-472.962,-246.855,872,0,0,180
-474.59,-233.983,875,0,0,180
-477.844,-221.772,881,0,0,180
-485.437,-211.261,895,0,0,180
-478.929,-194.582,883,0,0,180
-477.844,-180.326,881,0,0,180
-475.674,-165.755,877,0,0,180
-481.641,-153.909,888,0,0,180
-482.725,-140.299,890,0,0,180
-477.844,-125.065,881,0,0,180
-476.759,-110.997,879,0,0,180
-474.59,-96.7708,875,0,0,180
-476.217,-83.3343,878,0,0,180
-471.335,-68.853,869,0,0,180
-461.572,-54.0819,851,0,0,180
-460.488,-40.6413,849,0,0,180
-462.657,-27.4566,853,0,0,180
-461.03,-14.0309,850,0,0,180
-459.403,-0.699209,847,0,0,180
-457.776,12.5384,844,0,0,180
-447.47,25.1932,825,0,0,180
-448.013,38.1766,826,0,0,180
-445.843,50.8818,822,0,0,180
-440.419,62.9961,812,0,0,180
-438.792,75.4496,809,0,0,180
-433.911,87.1553,800,0,0,180
-433.911,99.7004,800,0,0,180
-428.487,110.842,790,0,0,180
-431.199,124.011,795,0,0,180
-448.227,-494.462,851,0,0,180
-450.334,-483.379,855,0,0,180
-446.647,-466.123,848,0,0,180
-445.067,-451.224,845,0,0,180
-436.113,-429.162,828,0,0,180
-444.014,-423.717,843,0,0,180
-444.541,-410.984,844,0,0,180
-445.594,-398.692,846,0,0,180
-446.647,-386.336,848,0,0,180
-442.434,-369.519,840,0,0,180
-445.067,-358.468,845,0,0,180
-444.014,-344.4,843,0,0,180
-446.647,-333.145,848,0,0,180
-450.334,-322.488,855,0,0,180
-456.128,-313.057,866,0,0,180
-450.861,-296.018,856,0,0,180
-452.968,-283.916,860,0,0,180
-455.601,-272.002,865,0,0,180
-461.922,-262.023,877,0,0,180
-464.029,-249.403,881,0,0,180
-464.555,-235.855,882,0,0,180
-472.983,-226.051,898,0,0,180
-471.929,-211.497,896,0,0,180
-465.609,-194.802,884,0,0,180
-468.242,-181.964,889,0,0,180
-466.135,-167.267,885,0,0,180
-468.242,-154.082,889,0,0,180
-476.67,-142.664,905,0,0,180
-468.242,-126.201,889,0,0,180
-472.456,-113.27,897,0,0,180
-460.868,-96.7708,875,0,0,180
-461.922,-83.2394,877,0,0,180
-460.868,-69.3284,875,0,0,180
-454.548,-54.8445,863,0,0,180
-454.548,-41.3115,863,0,0,180
-454.548,-27.7785,863,0,0,180
-448.227,-14.0474,851,0,0,180
-445.594,-0.698383,846,0,0,180
-442.96,12.4938,841,0,0,180
-436.113,25.2848,828,0,0,180
-435.587,38.2228,827,0,0,180
-434.006,51.0056,824,0,0,180
-427.686,62.9961,812,0,0,180
-427.159,75.6361,811,0,0,180
-424.526,87.809,806,0,0,180
-419.785,99.3265,797,0,0,180
-419.785,111.825,797,0,0,180
-434.372,-493.881,850,0,0,180
-440.504,-487.336,862,0,0,180
-435.905,-468.872,853,0,0,180
-433.861,-453.36,849,0,0,180
-434.372,-440.564,850,0,0,180
-434.372,-427.235,850,0,0,180
-433.861,-413.419,849,0,0,180
-436.416,-402.462,854,0,0,180
-436.927,-389.526,855,0,0,180
-434.883,-374.358,851,0,0,180
-438.46,-363.983,858,0,0,180
-431.305,-344.809,844,0,0,180
-434.372,-333.931,850,0,0,180
-439.482,-324.374,860,0,0,180
-445.103,-314.864,871,0,0,180
-439.993,-297.747,861,0,0,180
-445.614,-287.877,872,0,0,180
-447.147,-275.146,875,0,0,180
-453.791,-265.309,888,0,0,180
-453.791,-251.384,888,0,0,180
-453.791,-237.459,888,0,0,180
-458.901,-226.051,898,0,0,180
-459.412,-212.206,899,0,0,180
-451.746,-194.802,884,0,0,180
-460.945,-184.624,902,0,0,180
-457.368,-169.157,895,0,0,180
-456.346,-154.775,893,0,0,180
-460.434,-142.033,901,0,0,180
-455.324,-126.484,891,0,0,180
-458.901,-113.396,898,0,0,180
-456.346,-98.7615,893,0,0,180
-451.235,-83.8089,883,0,0,180
-450.213,-69.8037,881,0,0,180
-447.147,-55.6072,875,0,0,180
-442.037,-41.4072,865,0,0,180
-439.993,-27.7141,861,0,0,180
-434.372,-14.0309,850,0,0,180
-436.927,-0.705813,855,0,0,180
-431.305,12.5384,844,0,0,180
-426.195,25.4681,834,0,0,180
-424.662,38.4077,831,0,0,180
-420.063,50.8818,822,0,0,180
-417.508,63.384,817,0,0,180
-412.909,75.3563,808,0,0,180
-412.397,87.9179,807,0,0,180
-408.82,99.7004,800,0,0,180
-410.353,112.666,803,0,0,180
-408.309,124.635,799,0,0,180
-425.005,-498.529,858,0,0,180
-429.463,-490.163,867,0,0,180
-425.501,-472.17,859,0,0,180
-421.042,-453.894,850,0,0,180
-421.042,-440.564,850,0,0,180
-429.959,-436.282,868,0,0,180
-427.482,-420.236,863,0,0,180
-428.968,-408.117,866,0,0,180
-427.977,-393.626,864,0,0,180
-426.491,-378.757,861,0,0,180
-425.996,-364.832,860,0,0,180
-420.052,-346.443,848,0,0,180
-422.528,-335.11,853,0,0,180
-431.445,-328.523,871,0,0,180
-430.454,-314.141,869,0,0,180
-428.968,-299.477,866,0,0,180
-435.407,-290.188,879,0,0,180
-431.445,-273.889,871,0,0,180
-438.875,-264.712,886,0,0,180
-436.398,-249.403,881,0,0,180
-444.819,-240.133,898,0,0,180
-449.772,-228.569,908,0,0,180
-446.305,-212.678,901,0,0,180
-442.342,-196.786,893,0,0,180
-446.305,-184.42,901,0,0,180
-450.268,-171.803,909,0,0,180
-446.305,-156.162,901,0,0,180
-444.819,-141.56,898,0,0,180
-443.828,-127.194,896,0,0,180
-446.305,-113.775,901,0,0,180
-441.352,-98.5403,891,0,0,180
-443.333,-84.9478,895,0,0,180
-436.398,-69.8037,881,0,0,180
-432.931,-55.5436,874,0,0,180
-428.473,-41.4072,865,0,0,180
-428.968,-27.875,866,0,0,180
-422.528,-14.0804,853,0,0,180
-421.538,-0.702511,851,0,0,180
-419.061,12.5681,846,0,0,180
-414.108,25.5291,836,0,0,180
-413.117,38.5463,834,0,0,180
-407.173,50.8818,822,0,0,180
-405.191,63.4616,818,0,0,180
-397.761,74.89,803,0,0,180
-402.715,88.5716,813,0,0,180
-398.257,100.199,804,0,0,180
-398.257,112.807,804,0,0,180
-394.789,124.323,797,0,0,180
-416.827,-504.921,869,0,0,180
-413.949,-487.901,863,0,0,180
-412.03,-472.17,859,0,0,180
-410.112,-456.563,855,0,0,180
-412.03,-445.229,859,0,0,180
-411.551,-431.256,858,0,0,180
-415.867,-422.184,867,0,0,180
-418.266,-410.945,872,0,0,180
-419.705,-398.637,875,0,0,180
-412.51,-364.832,860,0,0,180
-408.673,-348.077,852,0,0,180
-418.266,-342.574,872,0,0,180
-424.022,-333.426,884,0,0,180
-418.745,-315.587,873,0,0,180
-419.225,-302.243,874,0,0,180
-425.94,-293.159,888,0,0,180
-420.664,-275.775,877,0,0,180
-429.298,-267.401,895,0,0,180
-424.022,-250.252,884,0,0,180
-429.778,-239.598,896,0,0,180
-431.696,-226.555,900,0,0,180
-435.534,-214.33,908,0,0,180
-433.615,-199.21,904,0,0,180
-434.574,-185.443,906,0,0,180
-434.574,-171.236,906,0,0,180
-438.891,-158.588,915,0,0,180
-432.656,-142.191,902,0,0,180
-431.696,-127.762,900,0,0,180
-430.737,-113.396,898,0,0,180
-430.257,-99.2039,897,0,0,180
-428.339,-84.758,893,0,0,180
-425.461,-70.2791,887,0,0,180
-424.501,-56.2427,885,0,0,180
-415.388,-41.4551,866,0,0,180
-416.347,-27.9394,868,0,0,180
-413.949,-14.2454,863,0,0,180
-403.876,-0.695081,842,0,0,180
-405.795,12.5681,846,0,0,180
-401.957,25.5902,838,0,0,180
-400.998,38.6388,836,0,0,180
-396.681,51.1913,827,0,0,180
-396.201,64.0822,826,0,0,180
-394.283,76.662,822,0,0,180
-389.006,88.3537,811,0,0,180
-388.047,100.822,809,0,0,180
-386.608,113.087,806,0,0,180
-384.21,124.947,801,0,0,180
-401.808,-503.178,866,0,0,180
-403.2,-491.294,869,0,0,180
-399.488,-473.269,861,0,0,180
-398.096,-458.165,858,0,0,180
-404.592,-451.967,872,0,0,180
-401.808,-435.277,866,0,0,180
-403.664,-423.645,870,0,0,180
-405.984,-412.359,875,0,0,180
-412.943,-405.471,890,0,0,180
-404.592,-383.596,872,0,0,180
-403.2,-368.65,869,0,0,180
-406.912,-358.291,877,0,0,180
-403.2,-341.395,869,0,0,180
-409.695,-333.049,883,0,0,180
-410.159,-319.564,884,0,0,180
-409.695,-305.355,883,0,0,180
-410.623,-292.169,885,0,0,180
-409.231,-277.348,882,0,0,180
-416.655,-268.297,898,0,0,180
-417.583,-254.781,900,0,0,180
-426.863,-246.016,920,0,0,180
-420.367,-228.065,906,0,0,180
-423.151,-215.274,912,0,0,180
-425.935,-202.295,918,0,0,180
-429.183,-189.332,925,0,0,180
-423.615,-172.559,913,0,0,180
-424.543,-158.588,915,0,0,180
-420.367,-142.821,906,0,0,180
-420.831,-128.756,907,0,0,180
-419.439,-114.154,904,0,0,180
-413.407,-98.5403,891,0,0,180
-416.655,-85.2326,898,0,0,180
-411.551,-70.2791,887,0,0,180
-408.768,-55.9885,881,0,0,180
-404.592,-41.7423,872,0,0,180
-404.128,-28.036,871,0,0,180
-401.808,-14.295,866,0,0,180
-395.312,-0.703336,852,0,0,180
-392.992,12.5829,847,0,0,180
-388.816,25.5902,838,0,0,180
-385.568,38.4077,831,0,0,180
-384.177,51.2532,828,0,0,180
-383.249,64.0822,826,0,0,180
-384.177,77.2216,828,0,0,180
-379.073,89.0074,817,0,0,180
-375.825,100.947,810,0,0,180
-375.825,113.649,810,0,0,180
-375.675,-486.909,838,0,0,180
-393.607,-496.382,878,0,0,180
-392.262,-480.965,875,0,0,180
-392.711,-467.777,876,0,0,180
-395.401,-457.15,882,0,0,180
-390.918,-438.293,872,0,0,180
-391.366,-425.106,873,0,0,180
-391.366,-411.416,873,0,0,180
-394.952,-401.371,881,0,0,180
-393.159,-385.796,877,0,0,180
-391.366,-370.346,873,0,0,180
-395.849,-360.742,883,0,0,180
-387.779,-339.824,865,0,0,180
-394.952,-332.294,881,0,0,180
-401.228,-323.54,895,0,0,180
-399.435,-308.122,891,0,0,180
-402.573,-296.461,898,0,0,180
-398.09,-279.234,888,0,0,180
-403.022,-268.596,899,0,0,180
-407.953,-257.612,910,0,0,180
-406.608,-242.54,907,0,0,180
-410.194,-230.331,915,0,0,180
-415.126,-218.579,926,0,0,180
-411.988,-202.515,919,0,0,180
-416.022,-189.946,928,0,0,180
-408.85,-172.37,912,0,0,180
-413.781,-159.975,923,0,0,180
-408.85,-143.767,912,0,0,180
-415.574,-131.595,927,0,0,180
-407.953,-114.912,910,0,0,180
-401.677,-99.0933,896,0,0,180
-401.677,-85.0427,896,0,0,180
-401.228,-70.913,895,0,0,180
-394.952,-55.9885,881,0,0,180
-393.607,-42.0295,878,0,0,180
-391.814,-28.1325,874,0,0,180
-391.366,-14.4105,873,0,0,180
-384.641,-0.708289,858,0,0,180
-381.952,12.6572,852,0,0,180
-377.917,25.7429,843,0,0,180
-380.607,39.2396,849,0,0,180
-374.779,51.7484,836,0,0,180
-368.503,63.7719,822,0,0,180
-371.192,77.2216,828,0,0,180
-370.296,89.9879,826,0,0,180
-362.675,100.822,809,0,0,180
-368.054,115.192,821,0,0,180
-379.839,-496.382,878,0,0,180
-380.272,-483.163,879,0,0,180
-378.974,-467.777,876,0,0,180
-383.733,-459.742,887,0,0,180
-383.3,-445.33,886,0,0,180
-377.676,-425.106,873,0,0,180
-378.109,-411.887,874,0,0,180
-383.3,-403.649,886,0,0,180
-381.137,-387.556,881,0,0,180
-378.541,-371.195,875,0,0,180
-382.435,-361.151,884,0,0,180
-384.165,-348.86,888,0,0,180
-390.655,-340.592,903,0,0,180
-392.385,-327.878,907,0,0,180
-390.222,-311.926,902,0,0,180
-395.846,-302.073,915,0,0,180
-391.52,-284.58,905,0,0,180
-390.222,-269.492,902,0,0,180
-395.413,-258.745,914,0,0,180
-397.144,-245.481,918,0,0,180
-398.874,-232.093,922,0,0,180
-405.364,-221.175,937,0,0,180
-402.768,-205.16,931,0,0,180
-401.037,-189.742,927,0,0,180
-398.442,-174.071,921,0,0,180
-400.172,-160.322,925,0,0,180
-401.037,-146.132,927,0,0,180
-401.037,-131.595,927,0,0,180
-395.846,-115.543,915,0,0,180
-392.818,-100.42,908,0,0,180
-390.655,-85.7071,903,0,0,180
-389.789,-71.3884,901,0,0,180
-384.598,-56.4969,889,0,0,180
-383.3,-42.4125,886,0,0,180
-380.272,-28.2935,879,0,0,180
-379.839,-14.493,878,0,0,180
-376.378,-0.718195,870,0,0,180
-369.889,12.7018,855,0,0,180
-369.889,26.1093,855,0,0,180
-367.293,39.2396,849,0,0,180
-363.832,52.0579,841,0,0,180
-356.91,64.0046,825,0,0,180
-359.073,77.4081,830,0,0,180
-359.073,90.4236,830,0,0,180
-353.017,101.694,816,0,0,180
-357.343,115.893,826,0,0,180
-370.657,-488.66,889,0,0,180
-370.657,-474.719,889,0,0,180
-368.572,-458.187,884,0,0,180
-370.24,-446.335,888,0,0,180
-367.739,-429.488,882,0,0,180
-365.654,-413.301,877,0,0,180
-368.989,-403.193,885,0,0,180
-368.989,-389.315,885,0,0,180
-371.074,-377.558,890,0,0,180
-372.742,-365.236,894,0,0,180
-374.41,-352.788,898,0,0,180
-376.077,-340.215,902,0,0,180
-376.494,-326.432,903,0,0,180
-385.667,-319.88,925,0,0,180
-378.996,-300.092,909,0,0,180
-386.084,-291.184,926,0,0,180
-383.999,-275.169,921,0,0,180
-382.331,-259.594,917,0,0,180
-396.507,-254.306,951,0,0,180
-392.338,-236.876,941,0,0,180
-389.419,-220.467,934,0,0,180
-391.504,-206.923,939,0,0,180
-386.501,-189.742,927,0,0,180
-389.836,-176.717,935,0,0,180
-387.752,-161.188,930,0,0,180
-390.67,-147.708,937,0,0,180
-387.752,-132.021,930,0,0,180
-384.833,-116.553,923,0,0,180
-382.331,-101.416,917,0,0,180
-380.247,-86.5614,912,0,0,180
-374.827,-71.2299,899,0,0,180
-371.491,-56.624,891,0,0,180
-368.156,-42.2689,883,0,0,180
-367.739,-28.3901,882,0,0,180
-371.491,-14.7076,891,0,0,180
-366.488,-0.725625,879,0,0,180
-357.732,12.7463,858,0,0,180
-358.149,26.2315,859,0,0,180
-355.647,39.4245,853,0,0,180
-351.478,52.1817,843,0,0,180
-351.895,65.4787,844,0,0,180
-349.81,78.2475,839,0,0,180
-346.058,90.4236,830,0,0,180
-345.224,103.19,828,0,0,180
-344.39,115.893,826,0,0,180
-359.124,-477.923,895,0,0,180
-358.321,-462.852,893,0,0,180
-357.92,-448.346,892,0,0,180
-359.124,-435.819,895,0,0,180
-359.124,-421.784,895,0,0,180
-358.723,-407.293,894,0,0,180
-362.334,-397.233,903,0,0,180
-361.13,-381.8,900,0,0,180
-362.735,-369.321,904,0,0,180
-367.149,-359.467,915,0,0,180
-361.531,-339.838,901,0,0,180
-365.143,-328.962,910,0,0,180
-369.155,-318.151,920,0,0,180
-371.563,-305.704,926,0,0,180
-371.563,-291.184,926,0,0,180
-373.569,-278.156,931,0,0,180
-371.563,-262.142,926,0,0,180
-378.384,-252.167,943,0,0,180
-378.384,-237.379,943,0,0,180
-389.218,-228.965,970,0,0,180
-372.365,-117.185,928,0,0,180
-367.952,-101.416,917,0,0,180
-367.149,-86.8461,915,0,0,180
-363.538,-71.7845,906,0,0,180
-362.735,-57.4501,904,0,0,180
-361.531,-43.1305,901,0,0,180
-358.723,-28.7763,894,0,0,180
-360.328,-14.8232,898,0,0,180
-352.704,-0.725625,879,0,0,180
-348.29,12.8949,868,0,0,180
-348.29,26.5063,868,0,0,180
-345.481,39.7942,861,0,0,180
-342.271,52.8007,853,0,0,180
-342.672,66.2545,854,0,0,180
-339.061,78.807,845,0,0,180
-334.647,90.8594,834,0,0,180
-335.049,104.062,835,0,0,180
-341.619,-445.33,886,0,0,180
-345.089,-435.819,895,0,0,180
-348.945,-426.497,905,0,0,180
-347.403,-410.482,901,0,0,180
-349.33,-398.553,906,0,0,180
-347.788,-382.649,902,0,0,180
-355.885,-377.084,923,0,0,180
-355.5,-362.217,922,0,0,180
-357.042,-334.746,926,0,0,180
-360.126,-322.992,934,0,0,180
-357.427,-306.035,927,0,0,180
-341.619,-0.731404,886,0,0,180
-338.534,13.0435,878,0,0,180
-339.691,26.9033,881,0,0,180
-336.992,40.3951,874,0,0,180
-333.907,53.6054,866,0,0,180
-333.907,67.1855,866,0,0,180
-326.196,78.9003,846,0,0,180
-323.111,91.2952,838,0,0,180
-321.955,104.062,835,0,0,180
