-319.294,198.563,373
-310.083,196.434,369
-301.823,194.837,366
-295.275,194.305,365
-286.378,192.175,361
-300.935,199.947,387
-294.104,199.431,386
-288.771,201.757,379
-305.215,198.487,409
-296.26,198.888,397
-291.036,201.497,390
-287.305,204.951,385
-296.609,197.031,406
-291.495,199.89,399
-286.381,202.531,392
-281.998,205.484,386
-291.672,191.603,408
-289.528,196.545,405
-283.809,198.888,397
-277.375,200.464,388
-274.515,204.419,384
-283.876,190.664,406
-279.681,194.119,400
-275.486,197.386,394
-270.591,199.947,387
-267.794,203.887,383
-275.459,189.255,403
-271.358,192.663,397
-267.94,196.384,392
-264.522,199.947,387
-262.472,204.419,384
-283.832,186.258,425
-270.475,183.843,405
-267.804,188.316,401
-264.464,192.178,396
-261.793,196.384,392
-258.454,199.947,387
-255.782,203.887,383
-308.471,192.459,473
-272.602,183.19,418
-262.82,182.936,403
-259.559,186.907,398
-257.602,191.692,395
-255.646,196.384,392
-253.689,200.981,389
-278.777,178.218,438
-274.321,182.128,431
-261.592,180.122,411
-255.864,182.482,402
-252.681,186.437,397
-250.772,191.207,394
-250.135,196.885,393
-248.862,202.014,391
-246.316,206.016,387
-267.563,175.37,431
-262.596,178.748,423
-253.905,179.245,409
-249.56,182.482,402
-246.456,186.437,397
-244.593,191.207,394
-244.593,197.386,394
-243.972,203.047,393
-260.199,168.22,430
-254.148,170.894,420
-251.727,175.79,416
-246.886,178.807,408
-242.651,182.028,401
-242.045,187.846,400
-239.625,192.178,396
-240.23,205.114,397
-256.403,163.354,435
-250.509,166.264,425
-245.204,169.266,416
-242.846,174.1,412
-239.899,178.369,407
-237.541,182.936,403
-235.773,187.846,400
-234.594,193.148,398
-232.826,197.887,395
-234.005,205.114,397
-233.415,210.807,396
-256.467,160.851,447
-247.86,162.228,432
-243.844,166.264,425
-240.402,170.487,419
-235.812,173.677,411
-233.517,178.369,407
-232.369,183.843,405
-230.648,188.786,402
-229.5,194.119,400
-227.779,198.888,397
-227.779,211.34,397
-248.899,160.491,446
-242.76,163.354,435
-237.738,166.655,426
-235.505,171.708,422
-231.041,174.945,414
-228.25,179.245,409
-227.134,184.751,407
-226.018,190.194,405
-224.344,195.089,402
-223.786,200.892,401
-222.112,211.872,398
-249.499,158.316,460
-241.905,160.491,446
-235.939,163.354,435
-233.769,168.611,431
-230.515,172.928,425
-226.176,176.212,417
-223.464,180.56,412
-221.837,185.659,409
-220.752,191.134,407
-218.582,208.214,403
-217.498,213.469,401
-245.972,153.402,467
-238.598,155.907,453
-233.331,159.412,443
-229.644,163.73,436
-227.537,169.002,432
-225.43,174.149,428
-222.797,178.748,423
-219.637,182.752,417
-218.583,188.383,415
-215.95,192.542,410
-214.37,197.516,407
-213.843,203.397,406
-213.843,209.764,406
-213.316,215.598,405
-242.737,148.581,475
-235.072,151.102,460
-227.917,153.497,446
-224.34,157.972,439
-221.785,162.979,434
-220.252,168.611,431
-219.23,174.556,429
-216.164,178.748,423
-214.12,183.628,419
-213.098,189.291,417
-210.542,193.482,412
-207.987,203.898,407
-207.987,210.281,407
-208.498,217.195,408
-242.223,145.292,489
-229.344,144.827,463
-224.886,149.131,454
-221.419,153.842,447
-216.961,157.613,438
-216.465,164.106,437
-214.484,169.393,433
-211.017,173.335,426
-210.521,179.593,425
-208.54,184.505,421
-207.549,190.199,419
-206.558,195.83,417
-204.082,199.942,412
-203.091,205.401,410
-203.586,212.347,411
-204.577,219.857,413
-224.962,139.35,469
-221.124,144.202,461
-218.247,149.46,455
-214.409,153.842,447
-212.011,159.052,442
-210.092,164.481,438
-206.255,168.22,430
-203.377,172.521,424
-202.897,178.748,423
-201.938,184.505,421
-200.499,189.745,418
-200.019,195.83,417
-198.58,200.913,414
-199.54,208.407,416
-199.06,214.414,415
-200.499,222.519,418
-228.279,130.753,492
-221.319,134.247,477
-217.607,139.35,469
-212.967,143.576,459
-210.648,149.131,454
-204.616,158.692,441
-202.76,164.106,437
-199.976,168.611,431
-197.656,173.335,426
-196.264,178.748,423
-195.8,184.943,422
-194.872,190.652,420
-194.408,196.769,419
-194.872,203.825,420
-195.8,211.413,422
-195.336,217.514,421
-196.728,225.713,424
-220.115,130.487,491
-212.494,133.402,474
-208.011,137.864,464
-203.976,142.325,455
-201.287,147.489,449
-197.252,151.433,440
-196.355,157.613,438
-195.459,163.73,436
-193.217,168.611,431
-193.217,175.37,431
-192.321,181.283,429
-191.424,187.134,427
-191.872,200.996,428
-190.976,206.737,426
-191.872,214.419,428
-191.872,221.13,428
-194.114,230.504,433
-202.465,124.375,468
-200.302,130.306,463
-198.139,136.081,458
-195.111,141.074,451
-192.515,146.175,445
-191.65,152.465,443
-190.352,158.332,440
-189.054,164.106,437
-188.189,170.176,435
-188.189,176.997,435
-189.487,185.086,438
-187.756,190.202,434
-189.054,198.369,437
-189.487,205.692,438
-188.622,211.59,436
-187.324,216.924,433
-188.622,225.264,436
-192.948,237.424,446
-200.13,112.51,480
-199.296,119.537,478
-195.544,124.64,469
-192.625,130.025,462
-189.706,135.19,455
-188.456,141.387,452
-186.788,147.161,448
-185.954,153.497,446
-184.286,159.052,442
-183.035,164.857,439
-182.618,171.35,438
-183.452,179.032,440
-183.869,186.354,441
-183.869,193.27,441
-184.703,201.093,443
-184.703,208.04,443
-183.869,214.016,441
-183.869,220.932,441
-184.703,228.88,443
-190.123,242.748,456
-197.418,107.607,492
-194.208,113.447,484
-192.202,119.787,479
-191.399,126.767,477
-182.973,142.638,456
-180.966,148.146,451
-180.565,154.874,450
-178.158,166.734,444
-177.756,173.306,443
-178.158,180.659,444
-178.158,187.622,444
-178.158,194.584,444
-178.96,202.455,446
-179.763,210.388,448
-180.565,218.384,450
-180.164,231.98,449
-188.189,249.668,469
-194.329,102.328,504
-190.088,107.826,493
-187.389,113.916,486
-185.076,120.037,480
-184.305,127.032,478
-182.762,133.402,474
-180.063,138.755,467
-178.521,144.827,463
-176.208,150.117,457
-173.123,161.571,449
-172.352,167.861,447
-172.737,175.262,448
-173.123,182.694,449
-173.123,189.735,449
-174.665,205.632,453
-173.894,211.797,451
-174.28,219.354,452
-175.436,227.945,455
-180.449,241.797,468
-183.148,252.862,475
-191.605,88.9249,518
-187.536,94.987,507
-184.207,101.11,498
-181.248,107.17,490
-179.398,113.682,485
-177.919,120.287,481
-177.179,127.298,479
-175.699,133.684,475
-173.48,139.35,469
-172.37,145.766,466
-172.74,153.402,467
-171.63,159.692,464
-169.411,164.81,458
-167.931,177.609,454
-168.671,185.542,456
-168.671,192.693,456
-168.301,199.405,455
-167.931,206.086,454
-168.301,213.675,455
-169.411,222.266,458
-170.151,230.45,460
-178.288,249.03,482
-177.179,254.992,479
-181.002,87.7232,511
-177.814,94.0502,502
-175.335,100.501,495
-173.209,106.951,489
-171.793,113.682,485
-170.73,120.537,482
-169.667,127.298,479
-168.605,133.965,476
-167.542,140.538,473
-166.834,147.33,471
-166.479,154.387,470
-166.479,161.757,470
-164.708,167.328,465
-164.354,174.245,464
-164,181.13,463
-162.583,186.763,459
-162.229,200.72,458
-161.875,207.448,457
-162.583,215.554,459
-166.479,228.09,470
-173.918,245.98,491
-175.697,80.9579,519
-171.296,86.8648,506
-169.942,94.0502,502
-167.234,100.298,494
-165.203,106.732,488
-165.203,114.385,488
-164.187,121.287,485
-162.833,127.83,481
-161.817,134.528,478
-160.802,141.132,475
-161.817,164.511,478
-159.786,169.847,472
-160.125,177.625,473
-157.417,181.912,465
-156.062,187.576,461
-156.062,194.806,461
-156.062,202.035,461
-158.094,211.987,467
-163.51,226.824,483
-166.557,246.481,492
-173.37,66.9239,537
-167.559,72.8193,519
-165.299,79.866,512
-163.362,86.8648,506
-161.424,93.6755,500
-159.165,100.095,493
-158.196,107.17,490
-157.55,114.385,488
-156.582,121.287,485
-156.905,129.158,486
-155.29,135.372,481
-153.999,141.727,477
-153.999,156.687,477
-154.645,164.855,479
-153.353,170.927,475
-153.353,178.376,475
-150.77,182.695,467
-149.802,196.073,464
-150.77,204.664,467
-152.385,214.257,472
-155.613,226.355,482
-156.905,235.854,486
-158.196,260.847,490
-163.72,66.4254,533
-158.806,72.5387,517
-155.12,86.6932,505
-152.662,93.1135,497
-151.126,99.8919,492
-149.283,106.295,486
-147.133,112.275,479
-140.376,142.951,457
-141.297,172.743,460
-144.369,213.349,470
-144.676,221.189,471
-155.071,57.9583,532
-151.573,64.8053,520
-149.824,72.1177,514
-141.079,90.6779,484
-139.039,96.8465,477
-137.581,103.233,472
-135.833,109.228,466
-134.375,115.285,461
-132.918,121.186,456
-130.586,126.085,448
-131.169,133.704,450
-130.003,139.51,446
-129.42,145.847,444
-128.837,152.121,442
-127.671,157.613,438
-126.505,162.979,434
-124.465,180.438,427
-123.882,186.258,425
-151.968,42.7473,551
-143.143,56.542,519
-140.66,63.559,510
-138.178,70.2938,501
-135.972,76.9022,493
-134.317,83.6031,487
-132.662,90.1158,481
-131.559,96.8465,477
-129.628,102.795,470
-127.146,108.056,461
-125.767,114.035,456
-124.664,120.123,452
-123.836,126.366,449
-123.836,133.407,449
-122.457,138.884,444
-121.63,144.861,441
-121.078,151.088,439
-119.975,156.533,435
-118.872,161.852,431
-118.044,167.437,428
-117.217,179.593,425
-116.39,184.943,422
-115.838,190.652,420
-116.114,197.708,421
-115.286,202.854,418
-114.735,208.407,416
-114.459,214.414,415
-113.907,219.857,413
-143.328,42.7473,551
-138.386,49.6158,532
-135.784,56.8688,522
-132.923,63.6836,511
-131.883,71.1356,507
-129.021,77.3702,496
-127.981,84.4615,492
-126.42,91.0526,486
-124.599,97.2525,479
-123.298,103.67,474
-120.957,108.994,465
-120.177,115.535,462
-118.096,120.654,454
-117.836,127.492,453
-116.535,133.11,448
-115.755,139.197,445
-114.975,145.19,442
-113.154,156.533,435
-111.853,161.477,430
-111.073,167.046,427
-111.073,173.742,427
-110.032,178.748,423
-109.512,184.505,421
-108.732,189.745,418
-108.211,195.36,416
-107.171,206.403,412
-107.431,213.381,413
-106.911,218.792,411
-135.665,43.0577,555
-132.488,50.5484,542
-129.31,57.6314,529
-127.11,64.8053,520
-125.154,71.8371,512
-124.177,79.242,508
-121.243,85.1481,496
-120.754,92.5514,494
-119.777,99.4859,490
-117.088,104.764,479
-116.599,111.806,477
-113.421,123.312,464
-111.466,128.336,456
-110.243,134.001,451
-108.777,139.197,445
-108.288,145.518,443
-107.554,151.433,440
-106.577,156.893,436
-106.088,162.979,434
-104.621,167.437,428
-104.132,173.335,426
-103.155,178.325,422
-102.666,184.066,420
-101.932,189.291,417
-101.443,194.891,415
-101.443,201.398,415
-100.71,206.403,412
-100.221,211.831,410
-100.221,218.26,410
-127.877,43.368,559
-126.047,51.3878,551
-121.701,57.9583,532
-120.328,65.553,526
-117.812,72.258,515
-117.125,79.866,512
-115.067,94.2376,503
-113.923,101.11,498
-112.55,107.607,492
-109.348,119.537,478
-107.289,124.64,469
-105.916,130.306,463
-104.544,135.784,457
-102.485,140.135,448
-102.256,146.832,447
-100.655,151.433,440
-99.9684,157.253,437
-98.3671,161.477,430
-97.9095,167.437,428
-97.2233,172.928,425
-96.537,178.325,422
-95.8507,183.628,419
-95.1644,188.837,416
-94.7069,194.421,414
-94.2494,199.942,412
-93.5631,204.9,409
-93.7918,211.831,410
-93.3343,217.195,408
-122.947,35.7163,577
-119.751,43.6007,562
-116.98,51.2013,549
-113.784,58.1762,534
-112.293,65.6776,527
-110.801,72.9596,520
-109.949,80.49,516
-108.883,87.7232,511
-107.392,94.4249,504
-105.9,100.907,497
-105.261,108.045,494
-103.557,113.916,486
-102.917,120.787,483
-101.213,126.235,475
-99.508,131.432,467
-98.4426,137.27,462
-96.738,142.012,454
-95.8857,147.818,450
-95.0333,153.497,446
-93.7549,158.332,440
-92.4764,162.979,434
-91.6241,168.22,430
-90.9848,173.742,427
-89.9194,178.325,422
-89.2802,183.628,419
-88.641,188.837,416
-87.7887,193.482,412
-87.1494,198.487,409
-86.5102,209.764,406
-86.2971,215.598,405
-100.081,-183.279,507
-112.714,35.3449,571
-110.543,43.4456,560
-108.174,51.108,548
-106.2,58.6119,538
-105.016,66.3008,532
-104.029,73.9417,527
-101.857,80.49,516
-101.068,87.8949,512
-99.6859,94.6123,505
-97.7119,100.501,495
-97.3172,107.826,493
-95.5406,113.447,484
-95.3432,120.787,483
-94.1588,126.767,477
-92.5796,131.995,469
-91.9874,138.458,466
-90.803,143.889,460
-89.2238,148.475,452
-88.6316,154.53,449
-87.6447,159.772,444
-86.2629,164.106,437
-85.2759,169.002,432
-84.6837,174.556,429
-83.4993,178.748,423
-82.7097,183.628,419
-82.5123,189.745,418
-80.9331,192.542,410
-80.7357,198.487,409
-80.3409,203.898,407
-80.1435,209.764,406
-79.7487,215.066,404
-103.578,35.283,570
-101.034,43.1352,556
-99.9441,51.2945,550
-98.3086,58.9388,541
-97.0366,66.55,534
-95.9463,74.082,528
-93.9474,80.6459,517
-92.312,87.2082,508
-91.4034,94.2376,503
-89.7679,100.298,494
-88.4959,106.514,487
-87.5873,112.978,482
-87.2239,120.037,480
-85.7702,125.438,472
-85.4068,132.276,470
-84.8616,138.755,467
-83.7713,144.202,461
-83.2262,150.445,458
-82.1358,155.562,452
-81.409,161.211,448
-80.8638,167.11,445
-79.5918,171.35,438
-78.5015,175.777,432
-78.1381,181.706,430
-77.0478,185.819,424
-76.1392,190.199,419
-75.5941,195.36,416
-74.6855,199.457,411
-74.1403,204.399,408
-73.5952,209.247,405
-90.3231,-205.185,544
-87.9986,-191.594,530
-91.9835,-191.582,554
-92.3155,-183.555,556
-92.8136,-175.779,559
-90.8212,-154.85,547
-95.3041,35.5306,574
-92.6476,43.2904,558
-91.4853,51.3878,551
-90.1571,59.1567,543
-89.1609,66.9239,537
-87.1684,73.6611,525
-85.176,80.022,513
-84.1798,87.0365,507
-83.3496,94.0502,502
-81.6893,99.8919,492
-80.6931,106.295,486
-79.5308,112.275,479
-79.3648,119.537,478
-78.3686,125.438,472
-78.0365,132.276,470
-77.0403,137.864,464
-76.2101,150.774,459
-75.3799,156.251,454
-74.2177,167.861,447
-73.3875,172.914,442
-72.5573,177.811,437
-71.7272,182.551,432
-70.897,187.134,427
-70.2328,192.014,423
-69.0706,195.36,416
-68.4065,199.942,412
-67.7423,204.399,408
-67.2442,209.247,405
-66.7461,214.001,402
-80.2889,-209.787,534
-81.3414,-204.054,541
-81.0407,-194.847,539
-82.8449,-190.545,551
-83.296,-182.894,554
-83.8974,-175.465,558
-82.6945,-164.324,550
-82.6945,-155.7,550
-87.9569,27.0379,585
-86.0023,35.4068,572
-83.296,42.9801,554
-81.0407,50.2686,539
-79.6875,57.7404,530
-79.0861,65.553,526
-77.7329,72.5387,517
-76.2293,79.0861,507
-75.1769,85.8348,500
-73.974,92.1767,492
-73.3726,99.0798,488
-72.6208,105.639,483
-71.8691,112.041,478
-71.2677,118.536,474
-70.6663,124.906,470
-70.2152,131.432,467
-69.3131,136.973,461
-68.862,143.263,458
-68.862,150.445,458
-68.2606,156.251,454
-68.1102,163.01,453
-67.3585,168.236,448
-66.757,173.697,444
-66.1556,179.032,440
-65.2535,183.396,434
-64.6521,188.449,430
-64.201,193.83,427
-63.5996,198.647,423
-62.5471,201.884,416
-61.9457,206.403,412
-61.194,210.281,407
-60.5926,214.534,403
-71.3763,-216.527,530
-71.3763,-208.216,530
-72.319,-202.545,537
-71.511,-191.955,531
-74.0698,-190.199,550
-74.0698,-181.574,550
-74.4738,-173.893,553
-73.8005,-163.727,548
-71.3763,-150.038,530
-70.4336,-139.855,523
-71.107,-132.912,528
-73.6658,-129.117,547
-76.0899,-115.646,565
-82.2848,-96.3176,611
-79.5914,27.3152,591
-75.8205,34.8497,563
-74.0698,42.6698,550
-71.2417,49.336,529
-69.895,56.542,519
-68.9522,63.8083,512
-68.2789,71.1356,507
-67.2015,77.8381,499
-66.5281,84.8048,494
-65.5854,91.24,487
-65.0467,98.0646,483
-64.5081,104.764,479
-63.9694,111.338,475
-63.296,117.536,470
-62.7573,123.843,466
-62.6226,130.869,465
-61.9493,136.676,460
-61.2759,142.325,455
-61.0066,155.907,453
-60.6026,161.931,450
-60.0639,167.485,446
-60.0639,174.479,446
-59.2558,179.032,440
-58.8518,184.664,437
-58.3131,189.764,433
-57.7744,194.738,429
-57.3704,200.056,426
-56.6971,204.31,421
-55.889,207.906,415
-55.2157,211.831,410
-54.8116,216.663,407
-61.6373,-219.747,518
-62.3513,-214.076,524
-62.7082,-207.037,527
-63.5412,-201.413,534
-62.5892,-190.148,526
-64.4931,-187.432,542
-65.326,-181.244,549
-65.921,-174.207,554
-64.9691,-163.129,546
-62.9462,-149.755,529
-61.8753,-139.053,520
-63.0652,-133.416,530
-65.2071,-129.353,548
-66.278,-122.743,557
-66.516,-114.418,559
-65.802,-104.518,553
-66.397,34.5402,558
-62.8272,49.2427,528
-61.9943,56.7599,521
-60.8044,63.6836,511
-59.8525,70.5744,503
-59.2575,77.6822,498
-58.4246,84.2898,491
-57.5916,90.6779,484
-57.1157,97.4556,480
-56.1637,110.635,472
-55.8068,117.286,469
-55.3308,123.577,465
-54.8548,129.744,461
-54.6169,136.378,459
-53.9029,148.803,453
-53.9029,155.907,453
-53.4269,161.571,449
-52.832,166.734,444
-52.951,174.088,445
-52.356,179.032,440
-51.8801,184.241,436
-51.6421,190.202,434
-51.1661,195.192,430
-50.8091,200.526,427
-50.5712,206.251,425
-49.8572,209.91,419
-49.3813,214.414,415
-49.0243,219.325,412
-54.1342,-222.293,524
-54.3408,-214.893,526
-54.6508,-207.823,529
-55.2706,-201.791,535
-54.7541,-191.594,530
-55.7872,-186.741,540
-56.5103,-180.584,547
-56.3037,-171.377,545
-56.0971,-162.233,543
-55.3739,-151.736,536
-55.5806,-143.866,538
-55.9938,-136.436,542
-54.7541,-116.793,530
-54.8574,-108.687,531
-55.3739,-101.305,536
-55.6839,-93.4198,539
-55.5806,-84.8099,538
-55.2706,-75.9475,535
-57.6468,25.79,558
-56.8203,34.045,550
-55.7872,41.8939,540
-54.4442,49.1495,527
-53.8243,56.7599,521
-52.9978,63.9329,513
-52.1713,70.855,505
-51.6548,77.9941,500
-50.9316,84.6331,493
-50.2085,91.0526,486
-49.5886,104.983,480
-49.0721,111.338,475
-48.6588,117.786,471
-48.2456,124.109,467
-47.5224,129.462,460
-47.2125,135.784,457
-46.7992,141.699,453
-46.7992,148.803,453
-46.4893,154.874,450
-45.9728,160.132,445
-45.5595,165.608,441
-45.5595,172.523,441
-45.2496,178.218,438
-45.2496,185.086,438
-44.7331,189.764,433
-44.5264,195.646,431
-44.1132,200.526,427
-44.0099,206.737,426
-43.4933,210.912,421
-43.1834,215.964,418
-42.7702,220.389,414
-46.3553,-232.709,529
-45.8296,-221.868,523
-46.0924,-214.893,526
-46.443,-208.216,530
-47.2316,-203.299,539
-47.4069,-195.57,541
-47.0564,-185.703,537
-47.0564,-177.282,537
-47.2316,-169.49,539
-46.9687,-160.142,536
-46.443,-150.038,530
-45.9172,-140.122,524
-46.443,-133.416,530
-45.6543,-122.98,521
-45.2162,-113.708,516
-45.3038,-105.821,517
-44.9533,-96.958,513
-44.6904,-88.3935,510
-44.9533,-80.8689,513
-45.3038,-73.3922,517
-45.8296,-66.0426,523
-46.7935,-59.0578,534
-46.7058,-50.589,533
-50.2986,-27.4772,574
-49.7728,-18.2829,568
-49.2471,-9.27687,562
-47.4945,8.05188,542
-47.4069,16.5206,541
-47.7574,25.1891,545
-47.0564,33.2403,537
-46.9687,41.5836,536
-46.0924,49.0562,526
-45.2162,56.2152,516
-44.5151,63.3098,508
-43.9017,70.2938,501
-43.5512,77.5262,497
-43.0255,84.2898,491
-42.4997,90.8652,485
-42.4997,98.4707,485
-41.9739,104.764,479
-41.6234,111.338,475
-41.01,117.036,468
-40.4842,122.78,462
-39.608,134.299,452
-38.9069,138.884,444
-38.7317,145.19,442
-38.4688,151.088,439
-38.1183,163.354,435
-38.5564,172.132,440
-38.2935,177.811,437
-38.2059,184.241,436
-37.8554,189.325,432
-37.6801,195.192,430
-37.4172,200.526,427
-37.3296,206.737,426
-36.9791,211.413,422
-36.7162,216.481,419
-36.4533,221.454,416
-38.4196,-234.909,534
-37.4843,-221.02,521
-37.9879,-215.71,528
-37.9879,-207.43,528
-38.7074,-202.922,538
-38.6355,-194.124,537
-37.9879,-182.591,528
-37.7001,-172.99,524
-37.916,-165.717,527
-37.4843,-155.66,521
-37.3404,-138.785,519
-37.1965,-130.143,517
-37.3404,-122.508,519
-37.1965,-113.929,517
-37.0526,-105.412,515
-36.477,-95.824,507
-36.1893,-87.1803,503
-36.1173,-79.1349,502
-35.9734,-70.979,500
-36.1893,-63.5171,503
-36.4051,-55.9612,506
-36.8368,-48.5959,512
-37.1246,-40.8839,516
-41.2255,-27.4293,573
-38.4916,-0.441649,535
-38.2757,7.90332,532
-38.2757,16.2458,532
-37.844,24.311,526
-38.2038,32.8689,531
-37.916,40.8854,527
-36.4051,55.1257,506
-36.0454,62.4374,501
-35.182,68.6101,489
-34.6784,75.1863,482
-34.2467,81.7148,476
-34.1028,88.8044,474
-33.887,95.6283,471
-33.6711,102.358,468
-33.4553,108.994,465
-32.52,120.123,452
-32.52,127.211,452
-32.3761,133.704,450
-31.9444,138.884,444
-31.8005,145.19,442
-31.5127,150.744,438
-31.2249,162.979,434
-31.6566,172.132,440
-31.5847,178.625,439
-31.3688,184.241,436
-31.081,189.325,432
-30.9371,195.192,430
-30.7213,200.526,427
-30.6494,206.737,426
-30.2896,210.912,421
-30.1457,216.481,419
-30.0738,222.519,418
-29.9895,-242.827,533
-30.2146,-236.228,537
-29.5956,-214.893,526
-29.7082,-207.43,528
-29.7644,-199.527,529
-29.8207,-191.594,530
-29.3706,-180.516,522
-29.0892,-170.68,517
-28.9767,-161.943,515
-29.033,-154.166,516
-29.0892,-146.358,517
-28.9767,-137.716,515
-28.7517,-128.633,511
-28.8642,-121.092,513
-28.8079,-112.827,512
-28.5266,-103.774,507
-28.189,-94.69,501
-27.9077,-85.9671,496
-27.6826,-77.5585,492
-27.4575,-69.2755,488
-27.6263,-62.0018,491
-27.7389,-54.5234,493
-28.0765,-47.362,499
-28.4141,-40.0124,505
-31.1711,-26.5198,554
-31.4524,-17.9932,559
-30.8335,-9.04578,548
-30.102,-0.441649,535
-29.7644,7.85875,529
-29.4831,16.0015,524
-28.9767,23.8026,515
-28.6391,31.5071,509
-28.2453,38.9459,502
-27.8514,46.1651,495
-27.6263,53.4916,491
-27.4013,60.6926,487
-27.2325,67.9085,484
-27.0074,74.8744,480
-26.8386,81.8864,477
-26.6698,88.8044,474
-26.4448,95.4252,470
-26.1634,101.702,465
-25.9384,108.056,461
-25.8258,114.785,459
-25.5445,120.654,454
-25.6008,128.055,455
-25.7133,135.784,457
-25.5445,142.012,454
-25.3195,147.818,450
-25.3757,155.218,451
-24.6443,164.481,438
-24.8131,172.523,441
-24.6443,178.218,438
-24.4755,183.819,435
-24.3067,189.325,432
-24.1941,195.192,430
-24.0254,200.526,427
-23.744,211.413,422
-23.5752,216.481,419
-23.4627,221.986,417
-21.3472,-239.638,526
-21.469,-232.709,529
-21.2255,-221.868,523
-21.0631,-212.033,519
-20.9008,-202.323,515
-21.3066,-198.019,525
-21.3472,-190.148,526
-21.0226,-179.133,518
-20.8602,-169.689,514
-20.779,-161,512
-20.8196,-153.27,513
-20.6979,-144.376,510
-20.6573,-136.111,509
-20.495,-127.122,505
-20.008,-116.371,493
-19.8862,-107.979,490
-20.2109,-101.932,498
-19.9674,-92.989,492
-19.805,-84.5805,488
-19.7644,-76.7703,487
-19.6833,-68.8496,485
-19.6833,-61.2441,485
-19.7239,-53.7492,486
-19.7644,-46.223,487
-19.9674,-38.9823,492
-21.3472,-25.1794,526
-21.8342,-17.3173,538
-21.956,-8.93023,541
-21.8342,-0.444125,538
-21.7531,7.96274,536
-21.2255,15.971,523
-20.779,23.6639,512
-20.6167,31.4452,508
-20.4138,39.0234,503
-20.2515,46.5381,499
-20.2515,54.3631,499
-20.1703,61.9389,497
-20.1703,69.7325,497
-20.0485,77.0582,494
-19.6021,82.9164,483
-19.3992,89.5538,478
-19.1151,95.6283,471
-18.9122,101.921,466
-18.5469,107.119,457
-18.4252,113.535,454
-18.3034,119.857,451
-18.0599,125.24,445
-18.0193,131.922,444
-18.1005,139.51,446
-18.0599,146.175,445
-17.9382,159.052,442
-17.857,165.232,440
-17.8164,171.741,439
-17.6541,176.997,435
-17.4512,188.449,430
-17.37,194.284,428
-17.2888,200.056,426
-17.1671,205.281,423
-16.9641,215.964,418
-16.9236,221.986,417
-12.9494,-236.904,520
-12.8996,-227.87,518
-12.8,-218.05,514
-12.8,-209.99,514
-12.7502,-201.144,512
-12.9245,-195.756,519
-12.9743,-188.34,521
-12.8498,-178.441,516
-12.7502,-169.029,512
-12.7004,-160.371,510
-12.6506,-151.776,508
-12.5012,-142.111,502
-12.4264,-133.437,499
-12.1774,-123.095,489
-12.0778,-114.482,485
-12.1525,-99.8855,488
-12.0031,-91.099,482
-11.9533,-83.1939,480
-12.0778,-76.4551,485
-11.9533,-68.1398,480
-11.9284,-60.4865,479
-11.9533,-53.0857,480
-11.9782,-45.6535,481
-12.0031,-38.19,482
-12.0529,-30.7587,484
-12.5012,-24.0306,502
-13.1237,-16.9632,527
-13.2233,-8.76516,531
-13.1984,-0.437521,530
-13.2731,7.91818,533
-13.0739,16.0321,525
-12.7253,23.6177,511
-12.551,31.1976,504
-12.5261,39.0234,503
-12.5012,46.8179,502
-12.4264,54.3631,499
-12.5261,62.6866,503
-12.4514,70.1534,500
-12.3019,77.0582,494
-12.1525,83.7748,488
-11.9035,89.5538,478
-11.8039,96.2374,474
-11.6047,101.921,466
-11.3556,106.884,456
-11.256,113.035,452
-11.0817,118.262,445
-10.9821,124.115,441
-10.7829,128.653,433
-10.8078,142.562,434
-10.7331,148.335,431
-10.7829,155.813,433
-10.8327,163.354,435
-10.7082,168.22,430
-10.7082,174.963,430
-10.6833,181.283,429
-10.7082,188.449,430
-10.6584,194.284,428
-10.5837,199.587,425
-10.484,204.31,421
-10.5089,211.413,422
-10.3844,215.447,417
-4.81353,-237.816,522
-4.74898,-226.551,515
-4.7121,-216.778,511
-4.72132,-209.173,512
-4.73054,-201.537,513
-4.78587,-195.756,519
-4.73976,-185.81,514
-4.7121,-176.712,511
-4.70288,-168.369,510
-4.68443,-159.742,508
-4.63833,-150.282,503
-4.61989,-141.828,501
-4.55534,-132.1,494
-4.4539,-121.584,483
-4.38935,-112.358,476
-4.41702,-105.555,479
-4.42624,-98.248,480
-4.38935,-89.965,476
-4.39857,-82.674,477
-4.41702,-75.5092,479
-4.39857,-67.7139,477
-4.39857,-60.2339,477
-4.39857,-52.7539,477
-4.39857,-45.2739,477
-4.42624,-38.0316,480
-4.43546,-30.568,481
-4.48157,-23.2646,486
-4.8412,-16.8988,525
-4.81353,-8.6166,522
-4.82275,-0.431743,523
-4.85964,7.82904,527
-4.85964,16.0931,527
-4.74898,23.8026,515
-4.61989,31.0119,501
-4.61066,38.7907,500
-4.59222,46.4449,498
-4.583,54.1452,497
-4.59222,62.0635,498
-4.583,69.7325,497
-4.48157,83.4314,486
-4.38935,89.1791,476
-4.35247,95.8313,472
-4.30636,102.139,467
-4.20493,106.884,456
-4.16804,113.035,452
-4.09427,117.997,444
-4.04816,123.552,439
-4.00206,128.95,434
-3.97439,134.818,431
-3.94673,140.591,428
-3.92829,146.614,426
-3.90062,152.215,423
-3.88218,158.097,421
-3.87296,164.308,420
-3.86374,170.487,419
-3.84529,176.212,417
-3.85452,183.19,418
-3.88218,191.106,421
-3.86374,203.34,419
-3.79919,212.864,412
-3.78074,218.26,410
3.39799,-239.638,526
3.35277,-228.31,519
3.33339,-218.899,516
3.30109,-208.765,511
3.30755,-201.144,512
3.32693,-194.247,515
3.31401,-185.448,513
3.29463,-176.366,510
3.28171,-167.708,508
3.29463,-160.371,510
3.22356,-149.087,499
3.2171,-140.979,498
3.17188,-131.298,491
3.11374,-121.333,482
3.08144,-112.594,477
3.13312,-106.877,485
3.10082,-98.248,480
3.06206,-89.587,474
3.08144,-82.674,477
3.06206,-74.721,474
3.06852,-67.43,475
3.07498,-60.1076,476
3.08144,-52.7539,477
3.07498,-45.179,476
3.09436,-37.9523,479
3.11374,-30.6316,482
3.22356,-23.887,499
3.33339,-16.6091,516
3.33985,-8.53406,517
3.33339,-0.425964,516
3.38507,7.78447,524
3.39153,16.0321,525
3.37861,24.1723,523
3.23649,31.0119,501
3.2171,38.6355,498
3.1848,45.9785,493
3.19126,53.8184,494
3.1848,61.4404,493
3.17834,69.031,492
3.13312,75.6543,485
3.10728,82.5731,481
3.0556,88.617,473
3.02976,95.2222,469
2.99746,101.483,464
2.93286,106.415,454
2.91348,112.785,451
2.86826,117.997,444
2.8295,123.27,438
2.7972,128.653,433
2.75844,133.566,427
2.74552,139.605,425
2.71968,144.893,421
2.70676,150.776,419
2.69384,156.595,417
2.68092,162.352,415
2.66154,167.639,412
2.66154,174.1,412
2.65508,180.122,411
2.64216,185.659,409
2.62924,191.134,407
2.62924,197.516,407
2.62924,203.898,407
2.62278,209.764,406
2.62924,216.663,407
11.7571,-241.916,531
11.6242,-230.95,525
11.5578,-221.444,522
11.4471,-211.216,517
11.3143,-200.751,511
11.2921,-192.361,510
11.3364,-185.087,512
11.27,-176.02,509
11.3143,-168.699,511
11.3364,-161,512
11.27,-152.075,509
11.1371,-142.394,503
10.9379,-132.1,494
10.7829,-122.591,487
10.65,-113.538,481
10.7165,-106.657,484
10.65,-98.4527,481
10.4729,-89.398,473
10.5615,-82.674,477
10.495,-74.721,474
10.5172,-67.43,475
10.5172,-59.9813,475
10.5172,-52.5327,475
10.5836,-45.3688,478
10.6279,-38.0316,480
10.7386,-30.8222,485
11.1814,-24.1742,505
11.4028,-16.577,515
11.3364,-8.45153,512
11.4028,-0.425139,515
11.5578,7.75476,522
11.58,15.971,523
11.5578,24.1261,522
11.6242,32.4975,525
11.2036,39.2562,506
10.96,46.1651,495
10.8936,53.6005,492
10.8493,61.0665,490
10.7386,68.0488,485
10.6722,75.1863,482
10.6057,82.2298,479
10.4508,88.4297,472
10.3622,95.0192,468
10.2736,101.483,464
10.0743,106.65,455
9.98578,112.785,451
9.83079,117.997,444
9.72009,123.552,439
9.5651,128.356,432
9.47653,133.879,428
9.36582,138.948,423
9.2994,144.549,420
9.23298,150.056,417
9.18869,155.844,415
9.05584,160.004,409
9.05584,166.418,409
8.98942,177.931,406
8.923,182.936,403
8.94514,189.725,404
8.87871,194.604,401
8.81229,199.389,398
8.76801,204.597,396
8.79015,211.34,397
20.1974,-243.283,534
20.0083,-232.709,529
19.9704,-223.99,528
19.7813,-213.667,523
19.4409,-201.93,514
19.2518,-191.984,509
19.1762,-183.279,507
19.214,-175.674,508
19.3275,-168.699,511
19.2518,-160.057,509
19.214,-151.776,508
19.0627,-142.678,504
18.9492,-133.972,501
18.6088,-123.85,492
18.4954,-115.427,489
18.571,-108.199,491
18.3062,-99.0668,484
18.0415,-90.154,477
18.1549,-83.1939,480
18.0415,-75.1939,477
18.0793,-67.8559,478
18.0793,-60.3602,478
18.0415,-52.7539,477
18.1171,-45.4637,479
18.1928,-38.1108,481
18.4197,-30.9494,487
19.3275,-24.4614,511
19.5166,-16.6091,516
19.5166,-8.51756,516
19.63,-0.428441,519
19.7435,7.75476,522
19.857,16.0321,525
19.7057,24.0799,521
19.8948,32.5594,526
19.9704,40.963,528
18.4197,53.0558,487
18.3441,60.4434,485
18.2306,67.6279,482
18.3062,75.4983,484
18.2306,82.7448,482
18.0037,89.1791,476
17.7767,95.4252,470
17.6254,101.921,466
17.3607,107.587,459
17.0581,112.785,451
16.869,118.528,446
16.6042,123.552,439
16.3016,128.059,431
16.1503,133.566,427
15.999,138.948,423
15.8099,143.861,418
15.7343,149.696,416
15.5074,153.966,410
15.4317,159.613,408
15.3182,164.791,405
15.3182,171.142,405
15.2804,177.054,404
15.1669,188.316,401
15.0535,193.148,398
14.9778,198.388,396
14.9022,203.564,394
14.9022,209.742,394
28.6782,-235.789,536
28.5712,-226.535,534
28.2502,-215.71,528
27.8757,-204.68,521
27.5547,-194.247,515
27.3941,-185.087,512
27.2336,-176.02,509
27.5011,-169.689,514
27.0731,-159.113,506
27.0196,-150.88,505
26.8591,-142.111,502
26.8056,-133.972,501
26.5916,-125.109,497
26.4846,-116.843,495
26.5381,-109.301,496
25.8425,-98.8621,483
25.9495,-91.666,485
25.896,-83.8872,484
25.5215,-75.1939,477
25.575,-67.8559,478
25.789,-60.8653,482
25.682,-53.0857,480
25.7355,-45.6535,481
26.003,-38.5069,486
26.2706,-31.2036,491
27.5011,-24.605,514
27.8222,-16.7379,520
27.7687,-8.56708,519
27.7687,-0.428441,519
28.0897,7.79933,525
28.1967,16.0931,527
27.9827,24.1723,523
28.1967,32.6213,527
28.2502,40.963,528
25.789,60.0695,482
25.7355,67.4876,481
25.896,75.4983,484
25.789,82.7448,482
25.5215,89.3664,477
25.254,95.8313,472
24.9865,102.139,467
24.6654,108.056,461
24.2909,113.535,454
23.8094,118.262,445
23.5953,124.115,441
23.1673,128.653,433
22.8463,133.566,427
22.5788,138.62,422
22.3647,143.861,418
22.1507,148.976,414
21.9367,153.966,410
21.7762,159.222,407
21.6157,164.384,404
21.5622,170.296,403
21.4552,175.739,401
21.2947,180.666,398
21.2947,186.907,398
21.2412,192.663,397
21.1342,197.887,395
21.0806,203.564,394
21.0271,209.21,393
37.8445,-240.628,547
37.4294,-229.505,541
36.8067,-217.344,532
36.4608,-207.037,527
36.184,-197.264,523
35.9073,-187.617,519
35.7689,-178.787,517
35.6306,-170.019,515
35.0771,-159.428,507
34.7311,-149.983,502
34.5236,-141.262,499
34.662,-133.972,501
35.0079,-127.374,506
34.4544,-117.551,498
34.2468,-109.081,495
34.0393,-100.704,492
33.7626,-92.233,488
33.4858,-83.8872,484
33.555,-76.4551,485
33.555,-68.8496,485
33.4166,-60.9916,483
33.555,-53.6387,485
33.6242,-46.1281,486
34.1085,-39.0616,493
34.9387,-32.0933,505
36.184,-25.0358,523
36.3224,-16.8988,525
36.5992,-8.73215,529
36.53,-0.43587,528
36.6683,7.87361,530
36.5992,16.1542,529
36.4608,24.3572,527
36.7375,32.8689,531
36.3916,40.8078,526
36.3916,49.0562,526
33.8317,53.2737,489
33.6242,60.568,486
33.6934,68.3295,487
33.3474,75.1863,482
33.2091,82.4014,480
32.8631,88.9917,475
32.448,95.2222,469
32.3788,102.358,468
31.687,107.353,458
31.3411,113.285,453
30.7876,118.262,445
30.3033,123.27,438
29.9573,128.653,433
29.4039,132.941,425
28.9887,137.635,419
28.8504,143.517,417
28.5044,148.257,412
28.2277,153.215,408
28.0893,158.831,406
27.951,164.384,404
27.4667,173.986,397
27.4667,180.212,397
27.3975,185.968,396
27.2591,191.207,394
27.2591,197.386,394
27.3283,204.081,395
27.0516,208.145,391
48.0347,-248.986,566
46.9314,-234.595,553
46.1676,-222.246,544
45.4038,-210.18,535
44.8946,-199.527,529
44.1308,-187.979,520
44.2157,-180.17,521
43.5367,-169.359,513
43.1973,-160.057,509
42.5183,-149.685,501
42.094,-140.413,496
42.5183,-133.972,501
42.9427,-127.374,506
42.3486,-117.787,499
42.094,-109.301,496
42.094,-101.523,496
41.9243,-93.367,494
41.9243,-85.6204,494
42.0091,-70.2692,495
41.8394,-62.2543,493
41.8394,-54.5234,493
42.2637,-47.2671,498
42.9427,-40.0916,506
44.8097,-33.5549,528
45.1492,-25.4666,532
45.0643,-17.092,531
45.3189,-8.81468,534
45.1492,-0.439172,532
45.3189,7.93303,534
45.2341,16.2764,533
45.1492,24.5883,532
44.9795,32.807,530
44.7249,40.8854,527
41.2453,52.9468,486
41.2453,60.568,486
41.4151,68.4698,488
40.9059,75.1863,482
40.3118,81.5431,475
40.0572,88.4297,472
39.7177,95.0192,468
39.4631,101.702,465
38.5296,113.535,454
37.7658,118.262,445
37.3415,123.833,440
36.7474,128.653,433
36.3231,133.879,428
35.729,138.292,421
35.4744,143.861,418
35.05,148.616,413
34.6257,153.215,408
34.2862,158.048,404
34.1165,163.57,402
33.8619,168.606,399
33.6073,173.548,396
33.5224,179.304,395
33.2678,184.089,392
33.183,189.751,391
33.0981,195.382,390
33.0132,200.981,389
33.0132,207.081,389
57.3125,-250.745,570
56.2065,-237.141,559
54.8994,-223.064,546
54.3966,-212.537,541
54.095,-202.922,538
52.4862,-188.702,522
52.989,-182.245,527
51.9835,-170.68,517
50.2742,-157.227,500
50.0731,-148.788,498
49.7714,-140.13,495
50.1736,-133.437,499
50.5758,-126.619,503
50.2742,-118.023,500
50.2742,-110.182,500
50.3747,-102.546,501
50.1736,-94.312,499
50.3747,-86.8337,501
50.2742,-78.8196,500
50.1736,-70.837,499
50.2742,-63.1383,500
50.5758,-55.6294,503
51.5813,-48.6908,513
52.3857,-41.2801,521
54.3966,-34.3811,541
54.2961,-25.8496,540
54.5977,-17.4782,543
54.2961,-8.91372,540
54.095,-0.444125,538
53.9944,7.9776,537
53.8939,16.368,536
53.8939,24.7732,536
53.5923,32.9927,533
53.2906,41.1181,530
48.4643,52.5111,482
48.967,60.6926,487
49.0676,68.4698,488
48.7659,75.6543,485
47.5594,81.1997,473
47.1572,87.8676,469
46.5539,94.004,463
45.9506,99.9522,457
45.85,106.884,456
45.4478,113.035,452
45.2467,119.591,450
44.4424,124.396,442
43.8391,129.545,436
42.8336,139.934,426
42.2303,144.549,420
42.0292,150.416,418
40.9232,159.222,407
40.521,163.977,403
40.0182,168.184,398
39.8171,173.548,396
39.5155,178.396,393
39.2138,183.15,390
39.0127,188.295,388
38.9122,193.879,387
38.7111,198.914,385
38.6105,204.419,384
64.8562,-227.966,558
64.275,-217.252,553
62.5316,-202.922,538
61.3693,-190.871,528
61.4855,-182.937,529
60.9044,-172.99,524
57.7662,-156.283,497
58.4635,-150.282,503
60.6719,-147.773,522
59.2771,-136.379,510
59.9745,-129.891,516
59.3934,-120.62,511
58.696,-111.284,505
59.3934,-104.593,511
58.8122,-95.635,506
59.0447,-88.0469,508
59.5096,-80.7113,512
59.6258,-72.8244,513
59.2771,-64.401,510
59.6258,-56.7353,513
64.5075,-43.974,555
64.5075,-35.2708,555
63.8101,-26.2804,549
63.6939,-17.6392,548
64.0426,-9.0953,551
63.6939,-0.452381,548
63.3452,8.09645,545
63.229,16.6123,544
62.8803,25.0043,541
62.4153,33.2403,537
62.0667,41.4285,534
56.1389,52.62,483
56.4876,60.568,486
56.8363,68.6101,489
56.2552,75.4983,484
54.7442,80.8564,471
54.163,87.3056,466
53.3494,93.1919,459
52.7683,99.2961,454
52.6521,106.181,453
52.1871,112.284,449
51.606,124.959,444
51.1411,130.733,440
50.6761,136.382,436
49.9788,141.248,430
49.2814,152.575,424
48.9327,158.097,421
48.3516,162.743,416
48.1191,168.453,414
47.1893,171.564,406
46.1432,173.986,397
45.7945,178.85,394
45.4458,183.62,391
45.0971,188.295,388
44.8647,193.378,386
44.7484,198.914,385
44.3997,203.354,382
71.8915,-205.562,545
71.4958,-195.931,542
70.7043,-185.357,536
71.1001,-177.942,539
67.2747,-152.374,510
69.2533,-140.39,525
69.5171,-132.66,527
69.2533,-123.924,525
68.8576,-115.03,522
69.2533,-107.459,525
69.2533,-99.2261,525
68.8576,-90.4734,522
69.5171,-83.0759,527
69.3852,-74.6699,526
75.3212,-54.1958,571
75.0574,8.45299,569
73.4745,17.0092,557
72.2873,25.3278,548
71.8915,33.7355,545
71.1001,41.8164,539
63.7131,45.0459,483
63.3173,59.8202,480
63.5811,75.1863,482
62.3939,81.1997,473
61.6025,87.4929,467
60.4153,92.9888,458
59.6238,98.8586,452
58.9643,104.775,447
58.5685,111.034,444
58.1728,117.199,441
57.909,123.552,439
57.7771,130.139,438
57.2494,135.756,434
56.7218,141.248,430
56.326,146.958,427
56.0622,152.935,425
55.5346,158.097,421
55.2707,163.917,419
55.0069,169.673,417
54.875,175.79,416
54.2155,180.122,411
52.6325,181.12,399
51.841,184.559,393
51.1815,194.38,388
50.7858,198.914,385
50.39,203.354,382
81.3234,-190.545,551
80.8807,-180.914,548
79.9951,-170.434,542
81.3234,-164.623,551
83.2421,-159.663,564
82.6518,-149.749,560
81.9138,-139.709,555
81.0283,-129.589,549
81.6186,-121.862,553
82.209,-114.009,557
82.0614,-105.085,556
82.7994,-97.2329,561
81.7662,-87.3322,554
87.9651,-84.6069,596
87.0795,8.76496,590
84.8657,17.5589,575
82.6518,25.8824,560
81.7662,34.2926,554
80.1427,42.1267,543
70.8444,44.7661,480
70.8444,52.2932,480
70.5492,59.571,478
68.9257,72.8465,467
69.2209,80.5131,469
66.7118,91.7706,452
65.3835,103.837,443
64.6455,109.534,438
64.4979,116.136,437
63.9075,121.863,433
63.3172,127.465,429
63.6123,134.818,431
62.284,138.62,422
62.4316,145.582,423
61.6936,150.416,418
61.6936,156.971,418
61.3985,162.743,416
61.3985,169.266,416
61.2509,175.367,415
59.7749,177.492,405
59.1846,182.028,401
59.037,187.846,400
58.4466,192.178,396
56.9707,199.431,386
56.8231,204.951,385
92.413,-195.732,566
91.1068,-184.215,558
90.2904,-173.893,553
90.4537,-165.52,554
92.413,-160.229,566
92.7395,-151.888,568
93.0661,-143.485,570
96.3316,-139.267,590
94.8621,-128.032,581
93.5559,-117.284,573
93.7192,-108.487,574
93.8825,-99.6594,575
92.413,-89.2238,566
96.005,8.73525,588
96.3316,18.017,590
92.9028,26.2984,569
89.8006,34.045,550
87.678,41.6612,537
78.5347,52.4021,481
80.0042,61.0665,490
79.0245,67.9085,484
77.2285,73.7824,473
76.4122,80.3414,468
74.9427,85.9941,459
74.1263,92.1767,454
73.1467,97.9838,448
72.167,103.603,442
70.8608,108.533,434
70.371,114.542,431
69.8812,120.456,428
69.0648,125.682,423
68.2485,130.751,418
67.7586,136.321,415
67.4321,142.14,413
66.6157,146.817,408
66.6157,153.215,408
66.4525,184.751,407
68.0852,195.83,417
64.4932,197.887,395
63.3502,206.548,388
104.331,-174.184,583
102.72,-162.494,574
103.257,-154.295,577
103.615,-145.75,579
104.51,-128.693,584
103.794,-118.716,580
103.436,-109.243,578
104.51,-101.219,584
104.331,8.66097,583
104.51,17.8337,584
100.931,26.0673,564
96.4569,33.3641,539
93.7725,40.6526,524
89.6566,62.4374,501
88.7618,69.5922,496
86.4354,75.3423,483
86.0775,82.5731,481
82.8563,94.004,463
81.0667,99.0773,453
79.4561,104.071,444
78.7403,110.034,440
77.6666,115.339,434
77.1297,121.3,431
76.4139,126.871,427
76.2349,133.254,426
74.9822,144.205,419
74.9822,150.776,419
74.8033,156.971,418
74.2664,162.352,415
74.4454,169.266,416
75.5191,191.56,422
75.6981,198.647,423
72.8348,203.898,407
72.1189,208.214,403
70.5084,209.742,394
112.889,-118.716,580
113.084,-109.81,581
108.802,8.30443,559
110.164,17.2841,566
104.131,24.727,535
103.352,32.8689,531
97.3183,38.7907,500
92.4524,44.2998,475
92.8416,51.9664,477
97.9022,62.6866,503
96.1505,69.3116,494
94.5934,75.8103,486
94.2041,83.0881,484
91.6738,88.2423,471
90.3114,94.207,464
87.5865,98.4212,450
86.0294,103.603,442
85.6401,110.034,440
85.2508,116.402,438
84.2776,121.863,433
83.6937,127.762,430
84.2776,135.443,433
83.6937,141.248,430
83.1098,146.958,427
82.9152,153.294,426
82.7205,159.599,425
82.7205,166.264,425
82.7205,172.928,425
82.9152,180.016,426
82.9152,193.376,426
82.7205,199.587,425
81.5527,203.34,419
80.9688,208.407,416
80.1903,212.864,412
79.2171,216.663,407
115.044,8.12616,547
109.155,23.9875,519
108.103,31.8166,514
103.687,38.2476,493
100.322,44.4863,477
99.6907,51.6395,474
105.159,62.3128,500
104.318,69.5922,496
102.635,76.1223,488
101.373,82.7448,482
98.2185,87.4929,467
96.1153,92.7858,457
94.0121,97.7651,447
93.5915,104.306,445
92.7502,110.284,441
93.1709,117.731,443
92.9605,124.396,442
92.9605,131.327,442
92.9605,138.258,442
92.5399,144.533,440
91.6986,150.056,436
91.0677,155.813,433
90.647,161.852,431
89.8058,167.046,427
90.0161,174.149,428
89.8058,180.438,427
90.0161,187.572,428
89.8058,193.83,427
90.0161,200.996,428
89.3851,206.251,425
88.3335,216.997,420
120.006,7.88847,531
118.424,16.0015,524
117.52,24.0337,520
111.192,38.17,492
107.802,44.4863,477
106.898,51.5306,473
114.13,62.9359,505
112.322,69.7325,497
109.836,75.8103,486
106.672,81.0281,472
103.96,86.1815,460
102.83,92.3797,455
101.474,98.2025,449
100.796,104.54,446
101.474,112.284,449
102.152,120.123,452
102.378,127.492,453
102.378,134.596,453
100.57,139.197,445
99.8917,145.19,442
99.6657,151.777,441
99.2137,157.972,439
98.5357,163.73,436
97.6317,169.002,432
97.4057,175.37,431
96.9537,181.283,429
96.9537,188.011,429
96.7277,194.284,428
96.7277,200.996,428
96.5017,207.222,427
96.0497,212.916,425
95.8237,219.064,424
94.6937,223.051,419
127.849,7.85875,529
127.849,16.1542,529
120.84,30.95,500
119.39,38.3252,494
115.523,44.5796,478
114.315,51.5306,473
120.84,62.3128,500
118.665,68.8907,491
115.04,74.2504,476
112.623,79.9981,466
110.69,85.8068,458
110.206,92.5828,456
110.206,99.7335,456
110.931,107.587,459
110.931,114.785,459
109.965,120.92,455
109.481,127.492,453
109.24,134.299,452
108.031,139.823,447
107.548,146.175,445
106.581,158.692,441
106.34,165.232,440
105.373,170.567,436
104.889,176.59,434
104.648,182.974,433
104.164,188.887,431
103.439,194.284,428
103.198,200.526,427
102.714,206.251,425
101.989,211.413,422
101.023,222.519,418
133.828,7.72505,520
136.145,16.1542,529
129.968,23.3404,505
128.681,30.95,500
127.909,38.5579,497
123.276,44.6729,479
121.475,51.4216,472
123.534,59.8202,480
123.276,67.207,479
122.247,74.0944,475
120.445,80.3414,468
120.96,88.055,470
119.931,94.6131,466
119.159,101.264,463
119.673,108.994,465
118.644,115.285,461
117.357,121.186,456
116.328,127.211,452
116.328,134.299,452
115.041,139.823,447
113.497,144.861,441
113.497,151.777,441
112.725,157.613,438
111.953,163.354,435
110.666,168.22,430
111.18,175.777,432
109.894,187.134,427
110.151,194.284,428
140.89,7.66563,516
141.71,15.8488,519
137.887,23.3404,505
136.795,31.0119,501
136.522,38.7907,500
128.33,51.2037,470
130.788,59.6956,479
131.061,67.3473,480
130.515,74.5624,478
129.969,81.7148,476
129.696,88.9917,475
128.057,95.2222,469
126.419,101.264,463
125.054,107.353,458
122.597,112.284,449
121.777,118.528,446
120.958,131.624,443
120.412,137.946,441
118.774,142.89,435
117.409,147.991,430
116.863,154.014,428
115.224,158.473,422
116.043,166.264,425
108.944,168.606,399
104.576,197.881,383
148.693,15.7267,515
146.672,23.4791,508
145.517,31.1976,504
144.074,38.7131,499
135.701,51.2037,470
140.032,68.0488,485
138.588,74.8744,480
137.722,81.8864,477
135.989,88.2423,471
133.391,93.801,462
131.947,99.9522,457
129.637,105.243,449
127.328,110.284,441
125.884,115.87,436
125.018,121.863,433
122.419,132.628,424
121.264,137.963,420
117.511,146.457,407
116.067,150.962,402
116.067,157.266,402
114.624,161.535,397
112.603,170.919,390
112.314,176.581,389
111.159,180.802,385
111.159,186.839,385
110.293,191.374,382
110.004,196.847,381
109.427,201.757,379
154.638,15.5129,508
155.247,23.5715,510
154.334,31.3833,507
153.116,39.0234,503
143.071,51.2037,470
147.333,67.9085,484
143.984,73.7824,473
142.462,80.3414,468
136.983,91.3646,450
135.156,97.1089,444
132.721,102.196,436
131.808,108.283,433
129.677,113.213,426
128.459,118.767,422
126.937,123.899,417
126.937,130.438,417
124.807,134.678,410
124.198,140.419,408
122.676,145.018,403
121.762,150.211,400
120.849,155.31,397
120.24,160.722,395
119.023,165.226,391
117.805,169.604,387
116.892,174.311,384
115.674,184.413,380
114.761,188.869,377
115.674,196.331,380
115.37,201.757,379
163.885,23.6639,512
163.565,31.6309,511
160.044,38.7907,500
149.801,50.9859,468
150.441,58.574,470
150.121,65.8039,469
148.521,72.3786,464
146.28,78.453,457
144.68,84.6827,452
142.439,90.3494,445
141.159,96.4528,441
138.598,101.493,433
136.677,106.783,427
135.077,112.15,422
133.156,117.079,416
132.196,122.711,413
131.556,128.562,411
130.596,134.021,408
129.956,139.731,406
128.995,145.018,403
128.035,150.211,400
128.355,156.875,401
126.755,161.129,396
124.834,164.803,390
121.953,166.974,381
119.073,168.864,372
118.112,173.288,369
118.753,185.863,371
118.753,191.681,371
172.249,23.7102,513
172.585,31.8166,514
168.22,38.8683,501
156.804,50.8769,467
157.476,58.4494,469
156.804,65.5233,467
154.79,71.9106,461
152.775,78.1097,455
149.753,83.5586,446
148.074,89.5373,441
146.731,95.5779,437
144.716,101.024,431
141.695,105.532,422
140.351,111.087,418
139.68,117.079,416
139.008,123.008,414
139.344,129.813,415
138.337,135.335,412
137.329,140.763,409
135.986,145.738,405
135.315,151.338,403
133.636,155.701,398
132.293,160.315,394
124.906,163.03,372
122.556,165.686,365
122.891,177.619,366
122.22,182.356,364
119.87,190.046,357
180.645,31.8166,514
178.185,39.3338,507
164.479,50.9859,468
164.83,58.4494,469
164.127,65.5233,467
161.667,71.7546,460
158.856,77.5947,452
156.747,83.5586,446
154.638,89.3343,440
152.529,94.9218,434
150.772,100.556,429
148.312,105.532,422
147.609,118.204,420
148.312,125.385,422
146.906,130.751,418
145.149,135.664,413
143.392,140.419,408
141.986,145.378,404
138.12,147.582,393
136.011,151.398,387
134.605,155.839,383
132.497,159.31,377
128.279,159.962,365
126.522,163.416,360
126.874,169.531,361
125.819,173.736,358
126.171,179.851,359
124.062,182.381,353
189.44,31.9404,516
187.604,39.6441,511
171.451,50.8769,467
172.552,58.574,470
171.451,65.5233,467
168.881,71.7546,460
166.311,77.7663,453
163.741,83.5586,446
162.272,89.7403,442
160.437,95.5779,437
158.968,101.493,433
158.234,107.783,431
158.234,114.542,431
157.867,121.019,430
155.664,125.979,424
150.524,134.678,410
148.688,139.387,405
145.751,142.859,397
142.814,146.08,389
140.611,149.833,383
139.51,154.618,380
137.674,158.464,375
132.535,158.209,361
130.699,161.601,356
129.23,165.305,352
129.23,170.825,352
129.598,176.845,353
128.863,181.348,351
123.356,178.867,336
195.235,39.5665,510
179.157,50.9859,468
179.539,58.4494,469
178.391,65.383,466
176.477,71.9106,461
174.563,78.2814,456
173.797,85.0574,454
170.735,90.5525,446
171.5,97.9838,448
168.438,103.134,440
165.375,108.033,432
165.758,115.073,433
164.61,121.019,430
161.93,125.682,423
159.633,130.438,417
156.188,134.021,408
153.508,138.01,401
150.063,141.06,392
148.531,145.705,388
145.469,148.659,380
144.321,153.398,377
143.555,158.464,375
140.11,160.401,366
134.75,159.785,352
133.985,164.366,350
133.219,168.883,348
203.631,39.6441,511
187.691,51.3127,471
187.292,58.574,470
188.089,66.2249,472
187.292,73.3145,470
184.503,86.7435,463
182.909,93.1919,459
181.713,99.7335,456
175.338,103.134,440
172.15,108.033,432
172.15,114.807,432
170.954,120.737,429
169.36,126.276,425
162.586,134.021,408
159.796,138.01,401
156.21,141.06,392
153.022,144.203,384
151.029,148.268,379
149.435,152.584,375
147.443,156.352,370
138.278,157.515,347
137.481,162.017,345
137.481,167.428,345
137.481,172.838,345
128.714,171.946,323
208.33,46.9112,503
199.633,52.5111,482
196.319,59.0725,474
197.148,66.7861,476
199.219,75.0304,481
197.976,82.0581,478
195.491,88.4297,472
191.349,93.801,462
189.278,99.9522,457
182.652,103.368,441
179.752,108.533,434
178.51,114.542,431
179.338,121.863,433
176.025,126.276,425
174.368,131.69,421
171.055,135.664,413
167.741,139.387,405
163.185,141.779,394
159.044,144.203,384
156.973,148.268,379
154.902,152.177,374
153.245,156.352,370
142.477,156.153,344
142.062,161.078,343
141.234,165.486,341
133.779,166.881,323
203.752,59.0725,474
202.893,66.2249,472
208.051,75.4983,484
208.051,83.0881,484
203.752,88.8044,474
198.594,93.801,462
193.866,98.6399,451
190.427,103.837,443
186.128,108.283,433
185.698,114.807,432
185.268,121.3,431
184.839,127.762,430
178.391,136.321,415
172.803,138.354,402
165.495,144.578,385
162.916,148.268,379
160.767,152.177,374
159.477,156.774,371
158.187,161.277,368
146.581,154.792,341
140.133,163.319,326
138.414,166.365,322
137.554,170.349,320
210.294,58.8232,472
209.403,65.9442,470
213.413,74.7184,479
220.542,84.9765,495
213.413,89.7411,479
208.067,94.8161,467
203.166,99.7335,456
200.492,105.478,450
197.374,110.784,443
194.7,116.136,437
192.473,121.582,432
192.473,128.356,432
189.799,133.254,426
184.453,135.992,414
179.552,138.698,403
174.651,141.06,392
171.532,144.578,385
167.077,152.584,375
165.74,157.197,372
163.513,160.839,367
148.81,156.852,334
146.582,159.663,329
143.463,166.365,322
143.018,170.882,321
246.292,66.55,534
218.157,66.3652,473
220.924,74.7184,479
228.304,84.9765,495
231.532,94.0502,502
208.933,113.285,453
203.859,117.465,442
202.476,123.552,439
201.092,129.545,436
197.863,134.192,429
191.406,136.321,415
181.259,141.42,393
178.953,145.705,388
178.031,151.007,386
177.57,156.653,385
174.341,159.732,378
171.574,163.03,372
154.047,156.852,334
151.28,159.177,328
149.435,162.317,324
148.052,165.848,321
147.59,170.349,320
227.005,74.2504,476
232.728,83.7748,488
241.789,94.987,507
216.99,120.92,455
207.929,129.545,436
205.068,134.505,430
196.96,135.664,413
193.622,139.731,406
189.33,149.084,397
192.191,157.657,403
188.376,160.722,395
183.607,162.69,385
180.746,166.098,379
162.146,154.338,340
157.854,155.443,331
156.901,159.663,329
154.993,162.818,325
153.562,166.365,322
152.132,169.817,319
242.351,84.4615,492
244.321,92.9261,496
220.677,126.085,448
216.736,130.733,440
214.274,136.069,435
206.885,157.722,420
202.944,161.178,412
197.526,163.163,401
191.615,164.38,389
187.181,166.536,380
165.015,157.321,335
162.552,160.148,330
161.075,163.82,327
159.104,166.881,323
157.134,169.817,319
260.74,80.022,513
254.132,85.8348,500
225.161,159.412,443
218.045,161.101,429
210.93,162.352,415
204.322,163.57,402
196.19,163.113,386
191.616,165.221,377
172.302,159.2,339
167.219,164.822,329
164.678,167.398,324
217.961,162.743,416
210.626,163.57,402
201.195,162.268,384
194.908,163.03,372
178.141,159.669,340
174.474,161.604,333
172.902,165.323,330
170.806,168.431,326
168.71,171.414,322
200.202,162.592,371
194.266,163.416,360
186.171,162.017,345
184.013,165.486,341
180.235,167.327,334
178.077,170.498,330
175.379,173.011,325
188.805,170.333,340
183.252,175.673,330
